model,split,confidence_source,coverage,retained_mae,n_retained
3a_fourier_gaussian,val,uncertainty,1.78770662089661e-07,0.0024922341108322144,1
3a_fourier_gaussian,val,uncertainty,0.02040828001349361,0.010189913053353912,114159
3a_fourier_gaussian,val,uncertainty,0.04081656002698722,0.01006252125247183,228318
3a_fourier_gaussian,val,uncertainty,0.061224661269818736,0.010144752722540845,342476
3a_fourier_gaussian,val,uncertainty,0.08163276251265025,0.010400437464807046,456634
3a_fourier_gaussian,val,uncertainty,0.10204104252614386,0.010673737328703373,570793
3a_fourier_gaussian,val,uncertainty,0.1224491437689754,0.010910265606130726,684951
3a_fourier_gaussian,val,uncertainty,0.1428572450118069,0.011149609094978563,799109
3a_fourier_gaussian,val,uncertainty,0.1632655250253005,0.011392161482593264,913268
3a_fourier_gaussian,val,uncertainty,0.18367362626813205,0.01162098509833586,1027426
3a_fourier_gaussian,val,uncertainty,0.20408172751096357,0.011842975046502996,1141584
3a_fourier_gaussian,val,uncertainty,0.22449000752445716,0.01208474536426381,1255743
3a_fourier_gaussian,val,uncertainty,0.24489810876728868,0.01233480668299799,1369901
3a_fourier_gaussian,val,uncertainty,0.2653062100101202,0.012581127968617859,1484059
3a_fourier_gaussian,val,uncertainty,0.2857144900236138,0.012830124109870191,1598218
3a_fourier_gaussian,val,uncertainty,0.3061225912664453,0.013077459097716345,1712376
3a_fourier_gaussian,val,uncertainty,0.32653069250927685,0.013332429524628034,1826534
3a_fourier_gaussian,val,uncertainty,0.34693897252277045,0.013596016472817133,1940693
3a_fourier_gaussian,val,uncertainty,0.367347073765602,0.013872955841943436,2054851
3a_fourier_gaussian,val,uncertainty,0.3877551750084335,0.014154710036503843,2169009
3a_fourier_gaussian,val,uncertainty,0.40816345502192714,0.014460562233625554,2283168
3a_fourier_gaussian,val,uncertainty,0.4285715562647586,0.014782891714620989,2397326
3a_fourier_gaussian,val,uncertainty,0.44897965750759017,0.015135990741274209,2511484
3a_fourier_gaussian,val,uncertainty,0.46938793752108376,0.015519410932898733,2625643
3a_fourier_gaussian,val,uncertainty,0.4897960387639153,0.0159358169082286,2739801
3a_fourier_gaussian,val,uncertainty,0.5102041400067469,0.016385904071397523,2853959
3a_fourier_gaussian,val,uncertainty,0.5306122412495783,0.016876751201932265,2968117
3a_fourier_gaussian,val,uncertainty,0.5510205212630719,0.0174372714105092,3082276
3a_fourier_gaussian,val,uncertainty,0.5714286225059034,0.01807064575803025,3196434
3a_fourier_gaussian,val,uncertainty,0.591836723748735,0.018777936897180016,3310592
3a_fourier_gaussian,val,uncertainty,0.6122450037622286,0.019551322226980365,3424751
3a_fourier_gaussian,val,uncertainty,0.6326531050050601,0.020391458219101027,3538909
3a_fourier_gaussian,val,uncertainty,0.6530612062478917,0.021307226616300086,3653067
3a_fourier_gaussian,val,uncertainty,0.6734694862613853,0.02231052734484678,3767226
3a_fourier_gaussian,val,uncertainty,0.6938775875042168,0.023385964993511303,3881384
3a_fourier_gaussian,val,uncertainty,0.7142856887470482,0.024534642318640335,3995542
3a_fourier_gaussian,val,uncertainty,0.7346939687605419,0.02575141085070632,4109701
3a_fourier_gaussian,val,uncertainty,0.7551020700033734,0.027044372027648676,4223859
3a_fourier_gaussian,val,uncertainty,0.7755101712462049,0.028433195070925524,4338017
3a_fourier_gaussian,val,uncertainty,0.7959184512596985,0.02991349263351157,4452176
3a_fourier_gaussian,val,uncertainty,0.8163265525025301,0.03151444558180466,4566334
3a_fourier_gaussian,val,uncertainty,0.8367346537453616,0.03325043290096101,4680492
3a_fourier_gaussian,val,uncertainty,0.8571429337588552,0.03515814008045071,4794651
3a_fourier_gaussian,val,uncertainty,0.8775510350016867,0.03730403311355257,4908809
3a_fourier_gaussian,val,uncertainty,0.8979591362445182,0.039746561411591774,5022967
3a_fourier_gaussian,val,uncertainty,0.9183674162580119,0.04253773363298884,5137126
3a_fourier_gaussian,val,uncertainty,0.9387755175008433,0.045767339083080075,5251284
3a_fourier_gaussian,val,uncertainty,0.9591836187436749,0.04958320824822246,5365442
3a_fourier_gaussian,val,uncertainty,0.9795918987571685,0.054199856717248904,5479601
3a_fourier_gaussian,val,uncertainty,1.0,0.06202432632341906,5593759
3a_fourier_gaussian,test,uncertainty,1.7224558637909462e-07,0.011433824896812439,1
3a_fourier_gaussian,test,uncertainty,0.020408346056540648,0.007746227501385757,118484
3a_fourier_gaussian,test,uncertainty,0.04081651986749492,0.008058411673601102,236967
3a_fourier_gaussian,test,uncertainty,0.06122469367844918,0.008450017713187432,355450
3a_fourier_gaussian,test,uncertainty,0.08163286748940345,0.008802357535550302,473933
3a_fourier_gaussian,test,uncertainty,0.10204104130035772,0.009112712639966495,592416
3a_fourier_gaussian,test,uncertainty,0.12244921511131199,0.009414722501868072,710899
3a_fourier_gaussian,test,uncertainty,0.1428572166766799,0.009715932746333637,829381
3a_fourier_gaussian,test,uncertainty,0.16326539048763414,0.010034678052427156,947864
3a_fourier_gaussian,test,uncertainty,0.18367356429858842,0.010363881271850712,1066347
3a_fourier_gaussian,test,uncertainty,0.2040817381095427,0.010698695107437704,1184830
3a_fourier_gaussian,test,uncertainty,0.22448991192049694,0.011052581171272363,1303313
3a_fourier_gaussian,test,uncertainty,0.24489808573145122,0.011425074737114184,1421796
3a_fourier_gaussian,test,uncertainty,0.2653062595424055,0.011813543348100523,1540279
3a_fourier_gaussian,test,uncertainty,0.2857144333533598,0.012233338197264871,1658762
3a_fourier_gaussian,test,uncertainty,0.306122607164314,0.01267535389252486,1777245
3a_fourier_gaussian,test,uncertainty,0.3265307809752683,0.013145962031092428,1895728
3a_fourier_gaussian,test,uncertainty,0.34693895478622255,0.013664013985350106,2014211
3a_fourier_gaussian,test,uncertainty,0.36734712859717683,0.01423272342008333,2132694
3a_fourier_gaussian,test,uncertainty,0.3877551301625447,0.014854913661414533,2251176
3a_fourier_gaussian,test,uncertainty,0.408163303973499,0.015545036851195798,2369659
3a_fourier_gaussian,test,uncertainty,0.42857147778445326,0.01631870637612769,2488142
3a_fourier_gaussian,test,uncertainty,0.44897965159540754,0.01720527042572429,2606625
3a_fourier_gaussian,test,uncertainty,0.4693878254063618,0.018226413131742863,2725108
3a_fourier_gaussian,test,uncertainty,0.48979599921731604,0.019397274409087128,2843591
3a_fourier_gaussian,test,uncertainty,0.5102041730282704,0.020745180127366668,2962074
3a_fourier_gaussian,test,uncertainty,0.5306123468392246,0.022247272245277925,3080557
3a_fourier_gaussian,test,uncertainty,0.5510205206501788,0.023894454362646908,3199040
3a_fourier_gaussian,test,uncertainty,0.5714286944611331,0.02562081473555863,3317523
3a_fourier_gaussian,test,uncertainty,0.5918368682720874,0.02739812267239727,3436006
3a_fourier_gaussian,test,uncertainty,0.6122450420830416,0.029206675022754987,3554489
3a_fourier_gaussian,test,uncertainty,0.6326530436484096,0.031014608488068092,3672971
3a_fourier_gaussian,test,uncertainty,0.6530612174593639,0.03277422590963208,3791454
3a_fourier_gaussian,test,uncertainty,0.6734693912703181,0.03449592218205244,3909937
3a_fourier_gaussian,test,uncertainty,0.6938775650812724,0.03617667119549907,4028420
3a_fourier_gaussian,test,uncertainty,0.7142857388922266,0.03783611091224232,4146903
3a_fourier_gaussian,test,uncertainty,0.7346939127031809,0.03949565580837813,4265386
3a_fourier_gaussian,test,uncertainty,0.7551020865141351,0.04124659302459902,4383869
3a_fourier_gaussian,test,uncertainty,0.7755102603250894,0.04309602440188877,4502352
3a_fourier_gaussian,test,uncertainty,0.7959184341360437,0.045090321520116924,4620835
3a_fourier_gaussian,test,uncertainty,0.816326607946998,0.04725221568557008,4739318
3a_fourier_gaussian,test,uncertainty,0.8367347817579522,0.049563102270749365,4857801
3a_fourier_gaussian,test,uncertainty,0.8571429555689065,0.052011499575832565,4976284
3a_fourier_gaussian,test,uncertainty,0.8775509571342744,0.05461585357805116,5094766
3a_fourier_gaussian,test,uncertainty,0.8979591309452286,0.057435202137882134,5213249
3a_fourier_gaussian,test,uncertainty,0.9183673047561829,0.0604940944249054,5331732
3a_fourier_gaussian,test,uncertainty,0.9387754785671372,0.06384773402916544,5450215
3a_fourier_gaussian,test,uncertainty,0.9591836523780914,0.06758068409054704,5568698
3a_fourier_gaussian,test,uncertainty,0.9795918261890457,0.07196692404035315,5687181
3a_fourier_gaussian,test,uncertainty,1.0,0.07904732064704732,5805664
