model,split,date,n_points,calendar_n_eval,calendar_violations,calendar_rate,calendar_severity,monotonicity_n_eval,monotonicity_violations,monotonicity_rate,monotonicity_severity,convexity_n_eval,convexity_violations,convexity_rate,convexity_severity,mean_instability,risk_flag_rate
conditional_surface,train,2008-01-02,1343,1212,0,0.0,0.0,1332,0,0.0,0.0,1321,0,0.0,0.0,0.0018236414918105348,0.0
conditional_surface,train,2008-01-03,1334,1203,49,0.040731504571903575,0.01531279395759025,1323,0,0.0,0.0,1312,0,0.0,0.0,0.0025909404237851584,0.0734632683658171
conditional_surface,train,2008-01-04,1360,1229,33,0.026851098454027666,0.0018922135451397322,1348,0,0.0,0.0,1336,0,0.0,0.0,0.0019778096639421886,0.04852941176470588
conditional_surface,train,2008-01-07,1349,1218,23,0.018883415435139574,0.0025601097514331306,1337,0,0.0,0.0,1325,0,0.0,0.0,0.002349071363702643,0.0340993328391401
conditional_surface,train,2008-01-08,1348,1217,104,0.08545603944124898,0.010591851278396344,1336,0,0.0,0.0,1324,0,0.0,0.0,0.001871944214364514,0.1543026706231454
conditional_surface,train,2008-01-09,1364,1233,85,0.0689375506893755,0.01903181762057427,1352,0,0.0,0.0,1340,0,0.0,0.0,0.002451470842110258,0.12463343108504399
conditional_surface,train,2008-01-10,1374,1243,104,0.083668543845535,0.03507283148848048,1362,0,0.0,0.0,1350,0,0.0,0.0,0.0028031208872665724,0.15138282387190685
conditional_surface,train,2008-01-11,1379,1248,97,0.07772435897435898,0.029543995409252236,1367,0,0.0,0.0,1355,0,0.0,0.0,0.002652598765015507,0.1406816533720087
conditional_surface,train,2008-01-14,1370,1239,89,0.07183212267958031,0.02168122560018145,1358,0,0.0,0.0,1346,0,0.0,0.0,0.0024338988811244302,0.12992700729927006
conditional_surface,train,2008-01-15,1366,1235,117,0.09473684210526316,0.011938762657007933,1354,0,0.0,0.0,1342,0,0.0,0.0,0.0034011815513697212,0.17130307467057102
conditional_surface,train,2008-01-16,1361,1230,172,0.13983739837398373,0.05208858792832649,1349,0,0.0,0.0,1337,0,0.0,0.0,0.0028075777007965106,0.25275532696546654
conditional_surface,train,2008-01-17,1395,1264,199,0.1574367088607595,0.0651147664208527,1383,0,0.0,0.0,1371,0,0.0,0.0,0.00290841670342844,0.2853046594982079
conditional_surface,train,2008-01-18,1361,1230,186,0.15121951219512195,0.056383907079784634,1349,0,0.0,0.0,1337,0,0.0,0.0,0.0033835466494606873,0.2733284349742836
conditional_surface,train,2008-01-22,1627,1496,189,0.12633689839572193,0.0493729840457063,1615,1,0.0006191950464396285,2.107406881080334e-09,1603,0,0.0,0.0,0.0022072612001644465,0.23355869698832207
conditional_surface,train,2008-01-23,1703,1572,67,0.04262086513994911,0.004929362713072814,1689,1,0.0005920663114268798,1.540242641903991e-09,1675,0,0.0,0.0,0.00177531543853865,0.07868467410452143
conditional_surface,train,2008-01-24,1693,1562,58,0.03713188220230474,0.0051363068376066474,1679,0,0.0,0.0,1665,0,0.0,0.0,0.0018690066213065094,0.06733608978145304
conditional_surface,train,2008-01-25,1694,1563,127,0.08125399872040946,0.012392218093810442,1680,0,0.0,0.0,1666,0,0.0,0.0,0.0019552060717198797,0.14817001180637543
conditional_surface,train,2008-01-28,1689,1558,132,0.08472400513478819,0.016198516453978205,1675,0,0.0,0.0,1661,0,0.0,0.0,0.0017621057337496682,0.15452930728241562
conditional_surface,train,2008-01-29,1685,1554,140,0.09009009009009009,0.026737410667695555,1671,0,0.0,0.0,1657,0,0.0,0.0,0.001956368067238441,0.1626112759643917
conditional_surface,train,2008-01-30,1683,1552,170,0.1095360824742268,0.04195031797554872,1669,0,0.0,0.0,1655,0,0.0,0.0,0.001818283316401258,0.1984551396316102
conditional_surface,train,2008-01-31,1651,1520,21,0.01381578947368421,0.00012965038874262818,1637,0,0.0,0.0,1623,0,0.0,0.0,0.0015840527379943372,0.025439127801332527
conditional_surface,train,2008-02-01,1668,1537,74,0.048145738451528954,0.005917980816764119,1654,0,0.0,0.0,1640,0,0.0,0.0,0.001789671416120663,0.08752997601918465
conditional_surface,train,2008-02-04,1668,1537,143,0.09303838646714378,0.029355438396043623,1654,0,0.0,0.0,1640,0,0.0,0.0,0.0018082632474657168,0.16786570743405277
conditional_surface,train,2008-02-05,1676,1545,202,0.1307443365695793,0.06938603610845892,1662,0,0.0,0.0,1648,0,0.0,0.0,0.002274917344106278,0.23687350835322196
conditional_surface,train,2008-02-06,1671,1540,228,0.14805194805194805,0.05631863223030513,1657,0,0.0,0.0,1643,0,0.0,0.0,0.0021549667300619635,0.2704967085577499
conditional_surface,train,2008-02-07,1664,1533,160,0.10437051532941943,0.05904082818516628,1650,5,0.0030303030303030303,2.3051249711114483e-08,1636,0,0.0,0.0,0.0027690834172567577,0.19290865384615385
conditional_surface,train,2008-02-08,1638,1507,157,0.1041804910418049,0.03230195486466288,1624,0,0.0,0.0,1610,0,0.0,0.0,0.0021160687524159403,0.18742368742368742
conditional_surface,train,2008-02-11,1646,1515,179,0.11815181518151815,0.058201951354534445,1632,0,0.0,0.0,1618,0,0.0,0.0,0.002742841700706429,0.2132442284325638
conditional_surface,train,2008-02-12,1641,1510,176,0.11655629139072848,0.040072479514917526,1627,0,0.0,0.0,1613,0,0.0,0.0,0.002729598804182484,0.21084704448507008
conditional_surface,train,2008-02-13,1631,1500,195,0.13,0.0437560941041818,1617,0,0.0,0.0,1603,0,0.0,0.0,0.0020029835319804413,0.23666462293071736
conditional_surface,train,2008-02-14,1629,1498,142,0.09479305740987984,0.021865817727931267,1615,0,0.0,0.0,1601,0,0.0,0.0,0.002948194780026685,0.17065684468999387
conditional_surface,train,2008-02-15,1600,1469,218,0.1484002722940776,0.04813632794640794,1586,0,0.0,0.0,1572,0,0.0,0.0,0.002430413366890367,0.27
conditional_surface,train,2008-02-19,1667,1536,18,0.01171875,0.0003162372577070534,1654,0,0.0,0.0,1641,0,0.0,0.0,0.0014552088630711587,0.021595680863827234
conditional_surface,train,2008-02-20,1650,1519,127,0.0836076366030283,0.02238186434275223,1638,2,0.001221001221001221,7.883338913216105e-09,1626,0,0.0,0.0,0.001934308538774872,0.15636363636363637
conditional_surface,train,2008-02-21,1649,1518,0,0.0,0.0,1637,0,0.0,0.0,1625,0,0.0,0.0,0.001506876618491084,0.0
conditional_surface,train,2008-02-22,1630,1499,33,0.022014676450967312,0.001958435837014224,1618,1,0.0006180469715698393,1.6995459640128949e-09,1606,0,0.0,0.0,0.0015995712415431363,0.04171779141104295
conditional_surface,train,2008-02-25,1629,1498,95,0.06341789052069426,0.010544925218350916,1617,4,0.0024737167594310453,2.2323163099506257e-08,1605,0,0.0,0.0,0.0019369727841948231,0.12154696132596685
conditional_surface,train,2008-02-26,1622,1491,0,0.0,0.0,1610,1,0.0006211180124223603,1.2637495786928368e-09,1598,0,0.0,0.0,0.0017478144157123975,0.0012330456226880395
conditional_surface,train,2008-02-27,1621,1490,0,0.0,0.0,1609,1,0.0006215040397762585,1.4527703072565224e-09,1597,0,0.0,0.0,0.0016967895064125826,0.0012338062924120913
conditional_surface,train,2008-02-28,1621,1490,0,0.0,0.0,1609,0,0.0,0.0,1597,0,0.0,0.0,0.0017950058313887828,0.0
conditional_surface,train,2008-02-29,1633,1502,94,0.06258322237017311,0.009524048131314737,1621,0,0.0,0.0,1609,0,0.0,0.0,0.0022621566899331215,0.11512553582363748
conditional_surface,train,2008-03-03,1619,1488,90,0.06048387096774194,0.006075992346030637,1607,0,0.0,0.0,1595,0,0.0,0.0,0.0020036371249232024,0.11117974058060531
conditional_surface,train,2008-03-04,1611,1480,111,0.075,0.013525319207631753,1599,1,0.0006253908692933083,1.88495092568043e-09,1587,0,0.0,0.0,0.0019942818048415637,0.13904407200496585
conditional_surface,train,2008-03-05,1599,1468,109,0.07425068119891008,0.013478370901185647,1587,0,0.0,0.0,1575,0,0.0,0.0,0.0018865533545175278,0.13633520950594122
conditional_surface,train,2008-03-06,1724,1593,144,0.0903954802259887,0.01706217044841518,1712,0,0.0,0.0,1700,0,0.0,0.0,0.0021301211019004516,0.16705336426914152
conditional_surface,train,2008-03-07,1611,1480,152,0.10270270270270271,0.025084394514983555,1599,0,0.0,0.0,1587,0,0.0,0.0,0.0020483728271238873,0.18870266914959652
conditional_surface,train,2008-03-10,1622,1491,209,0.14017437961099932,0.0418053175944829,1610,0,0.0,0.0,1598,0,0.0,0.0,0.0022898417882702806,0.25770653514180025
conditional_surface,train,2008-03-11,1610,1479,146,0.09871534820824882,0.04875400669308438,1598,2,0.0012515644555694619,4.234518916513177e-09,1586,0,0.0,0.0,0.0022351910240884375,0.18322981366459629
conditional_surface,train,2008-03-12,1608,1477,213,0.14421123899796887,0.08053896845114579,1596,2,0.0012531328320802004,6.4450715089166336e-09,1584,0,0.0,0.0,0.0022238633782469624,0.2667910447761194
conditional_surface,train,2008-03-13,1608,1477,142,0.0961408259986459,0.03284700563841514,1596,0,0.0,0.0,1584,0,0.0,0.0,0.0031582328520160267,0.17661691542288557
conditional_surface,val,2020-11-12,9219,8952,173,0.019325290437890975,0.44495233182140403,9186,75,0.008164598301763554,0.004983668052204763,9153,94,0.010269856877526493,2.545255400268693,0.0015154551293951794,0.05250027117908667
conditional_surface,val,2020-11-13,9066,8800,153,0.017386363636363637,0.2847850010362702,9033,112,0.012398981512232924,0.010163871270937527,9000,126,0.014,1.7418730614750932,0.0013200030117389433,0.05890138980807412
conditional_surface,val,2020-11-16,8823,8557,14,0.0016360874138132524,0.001304218629030236,8791,170,0.01933795927653282,0.004259085864825071,8759,24,0.002740038817216577,0.24265820896997023,0.00194825514403248,0.028221693301598096
conditional_surface,val,2020-11-17,8829,8561,193,0.022544095315967762,0.3396600560359649,8796,114,0.01296043656207367,0.010538351476714967,8763,142,0.016204496177108296,4.573875209231493,0.0015097180097476829,0.06512628836787858
conditional_surface,val,2020-11-18,8731,8463,187,0.022096183386505968,0.33747154378078603,8699,101,0.011610529945970801,0.009302468103542837,8667,115,0.013268720433829468,5.179043908466398,0.0015322114063029634,0.060016034818462946
conditional_surface,val,2020-11-19,8673,8405,172,0.020464009518143964,0.33597063763700286,8641,102,0.011804189329938665,0.009505343098219354,8609,116,0.013474271111627367,3.8848552787133457,0.001406241763485618,0.059494984434451746
conditional_surface,val,2020-11-20,8480,8212,5,0.0006088650754992694,0.002952169611460248,8448,282,0.033380681818181816,0.01421799258224376,8416,66,0.007842205323193916,1.1002576592826823,0.0023127812977010434,0.05400943396226415
conditional_surface,val,2020-11-23,8257,7989,41,0.005132056577794467,0.0952657080541687,8226,222,0.02698760029175784,0.024803337059710818,8195,91,0.011104331909701037,2.7109886097690237,0.002188177765300243,0.05873804045052682
conditional_surface,val,2020-11-24,8261,7993,177,0.02214437632928813,0.3423775453613575,8229,116,0.014096488030137319,0.012497259834734563,8197,89,0.010857630840551422,1.9794306436416882,0.0015832766832181687,0.06197796876891418
conditional_surface,val,2020-11-25,8332,8057,9,0.001117041082288693,0.0006366589735103388,8300,235,0.028313253012048192,0.010278989509634018,8268,47,0.005684567005321722,0.5516350099195175,0.0020934291480420256,0.045727316370619296
conditional_surface,val,2020-11-27,8238,7963,4,0.0005023232450081628,0.0014960423039516793,8206,209,0.02546916890080429,0.01190563406867035,8174,43,0.005260582334230487,0.7152706478315946,0.0016909297618443169,0.04333576110706482
conditional_surface,val,2020-11-30,8078,7803,164,0.02101755734973728,0.43716364827023135,8047,109,0.013545420653659749,0.010193316375125865,8016,73,0.009106786427145708,2.3606826601045374,0.0016488641419123908,0.06437236939836594
conditional_surface,val,2020-12-01,8159,7884,5,0.0006341958396752917,0.0022380941751568156,8127,222,0.027316352897748246,0.012177113721258041,8095,39,0.004817788758492897,0.5902665174105544,0.0025005808428477296,0.047187155288638316
conditional_surface,val,2020-12-02,8009,7734,151,0.01952417895009051,0.3187463757218167,7978,131,0.01642015542742542,0.013124007726656398,7947,78,0.009815024537561345,1.6587507391411498,0.0017322755738504209,0.06530153577225621
conditional_surface,val,2020-12-03,8146,7869,34,0.004320752319227347,0.0055191840038353104,8114,259,0.03192013803302933,0.01499251963913548,8082,57,0.007052709725315516,0.8968554838541627,0.002449922136999324,0.04910385465259023
conditional_surface,val,2020-12-04,8076,7800,39,0.005,0.015820516501761195,8044,267,0.033192441571357534,0.02298773564417464,8012,54,0.00673989016475287,1.7149969918511798,0.00210200022774583,0.05609212481426449
conditional_surface,val,2020-12-07,8015,7739,47,0.006073136064090968,0.019084089106318286,7984,292,0.03657314629258517,0.026148510419487937,7953,70,0.008801710046523324,2.817023908625636,0.0020763696172266784,0.0595134123518403
conditional_surface,val,2020-12-08,8061,7785,148,0.01901091843288375,0.3246814429690063,8029,158,0.019678664839955163,0.01996352307277287,7997,83,0.0103788920845317,2.34042170458197,0.0016999826861688464,0.07120704627217467
conditional_surface,val,2020-12-09,8072,7794,33,0.004234026173979984,0.008210602197024134,8041,281,0.03494590225096381,0.018545417154499252,8010,73,0.009113607990012484,1.66439841936127,0.0019954493907007524,0.053889990089197225
conditional_surface,val,2020-12-10,8117,7838,53,0.006761929063536617,0.011395941823378922,8085,282,0.034879406307977735,0.016062586110942717,8053,71,0.008816590090649447,1.101041627541803,0.002176956483585646,0.05272884070469385
conditional_surface,val,2020-12-11,8020,7747,14,0.001807151155285917,0.009449618282407306,7988,248,0.03104656985478217,0.021796436904729447,7956,63,0.007918552036199095,1.9902715165335216,0.0025806873101874733,0.05361596009975062
conditional_surface,val,2020-12-14,7940,7667,195,0.025433676796661014,0.39930398020264035,7909,263,0.03325325578454925,0.029930791354606367,7878,115,0.014597613607514598,4.5915070811007395,0.0019853108088071047,0.09458438287153652
conditional_surface,val,2020-12-15,8228,7956,102,0.01282051282051282,0.03574911152106437,8196,285,0.03477306002928258,0.026126619009831716,8164,84,0.0102890739833415,4.417886278258946,0.0024225617306948906,0.05481283422459893
conditional_surface,val,2020-12-16,8305,8033,70,0.008714054525084029,0.020717268287556018,8273,281,0.03396591321165236,0.02551332257160966,8241,72,0.008736803785948308,3.016902429247376,0.002505656430107219,0.05924142083082481
conditional_surface,val,2020-12-17,8429,8157,248,0.030403334559274242,0.37806953076130345,8397,288,0.03429796355841372,0.045473995110636246,8365,136,0.01625821876867902,9.91333479137444,0.001570131691960744,0.09621544667220311
conditional_surface,val,2020-12-18,8159,7887,144,0.018257892734880182,0.4683537263215426,8127,70,0.008613264427217916,0.0045214060700768405,8095,44,0.005435453983940704,2.1673324226635273,0.0014125715423322816,0.047922539526902806
conditional_surface,val,2020-12-21,8045,7771,4,0.000514734268433921,0.0012864686358800073,8014,236,0.029448465185924633,0.011989026226049401,7983,57,0.007140172867343104,0.6337664701003164,0.0022109009435116274,0.0471100062150404
conditional_surface,val,2020-12-22,8062,7788,19,0.0024396507447354905,0.0009689222679877879,8030,238,0.02963885429638854,0.00622047716590805,7998,63,0.007876969242310577,0.2422684205233595,0.0021003006491741405,0.044033738526420244
conditional_surface,val,2020-12-23,8053,7779,45,0.005784805244890089,0.00689308564640169,8022,238,0.029668411867364748,0.00689770642456569,7991,54,0.006757602302590414,0.24738610780796286,0.001770929924160632,0.0420961132497206
conditional_surface,val,2020-12-24,7929,7655,38,0.00496407576747224,0.003333078686110267,7897,223,0.028238571609471953,0.0063679054175444505,7865,45,0.00572155117609663,0.1842132405342248,0.0021439677527381796,0.039727582292849034
conditional_surface,val,2020-12-28,7789,7515,203,0.027012641383898868,0.769356140557504,7758,77,0.009925238463521526,0.006301122354403896,7727,90,0.01164746991070273,5.343839992473101,0.0014722553935198864,0.06894338169212992
conditional_surface,val,2020-12-29,8020,7745,22,0.002840542285345384,0.04796006844643845,7987,203,0.025416301489921123,0.013041253833502487,7954,46,0.0057832537088257484,0.6163530324574881,0.002640865441062661,0.04812967581047382
conditional_surface,val,2020-12-30,8012,7737,30,0.0038774718883288098,0.004370125615765324,7980,171,0.02142857142857143,0.0034042817674205693,7948,16,0.0020130850528434826,0.03410254017688673,0.0023918600760115395,0.03020469296055916
conditional_surface,val,2020-12-31,8050,7775,120,0.015434083601286173,0.3243569550322056,8017,66,0.008232505924909567,0.004935258476272729,7984,26,0.003256513026052104,0.7005988449947136,0.001371589423334264,0.04720496894409938
conditional_surface,val,2021-01-04,8279,8004,136,0.01699150424787606,0.35286869488247796,8246,78,0.009459131700218287,0.006663058703659927,8213,48,0.005844393035431633,1.8792659697762495,0.0013334963313816706,0.05218021500181181
conditional_surface,val,2021-01-05,8453,8177,2,0.00024458847988259754,0.0010910003092150788,8419,221,0.026250148473690463,0.00947268091123216,8385,32,0.0038163387000596303,0.21730796674360736,0.0018035213533852345,0.04034070744114516
conditional_surface,val,2021-01-06,8567,8291,134,0.016162103485707395,0.3563889189428453,8534,79,0.009257089289899227,0.006824052686654285,8501,39,0.00458769556522762,1.320112646218604,0.001483642571967335,0.05042605346095483
conditional_surface,val,2021-01-07,8619,8343,24,0.002876663070837828,0.0022129829948649626,8585,164,0.01910308677926616,0.00456856745059895,8551,13,0.001520290024558531,0.03674283749050275,0.002198189987975882,0.0290056851142824
conditional_surface,val,2021-01-08,8583,8304,154,0.01854527938342967,0.34246926251903465,8549,83,0.009708737864077669,0.0072127850478375865,8515,135,0.015854374633000587,2.133811483236229,0.001157372934918367,0.057555633228474894
conditional_surface,val,2021-01-11,8490,8206,168,0.020472824762369,0.47094239313090913,8457,61,0.007212959678372945,0.005117162788651951,8424,113,0.013414055080721748,4.503665579395162,0.0014023145224652154,0.05535924617196702
conditional_surface,val,2021-01-12,8608,8324,5,0.000600672753483902,2.5948460880943682e-05,8574,187,0.021810123629577793,0.003763941362943821,8540,29,0.003395784543325527,0.09474410169401622,0.0018713173057902932,0.032527881040892194
conditional_surface,val,2021-01-13,8535,8259,163,0.019736045526092746,0.37763813497580556,8502,62,0.007292401787814632,0.004964478798517899,8469,103,0.012162002597709293,4.7171849130212795,0.001410614575229413,0.052372583479789105
conditional_surface,val,2021-01-14,8580,8304,161,0.01938824662813102,0.3996533615544944,8546,66,0.007722911303533817,0.005064470232284964,8512,98,0.011513157894736841,3.750911568467838,0.0011528375191178122,0.05268065268065268
conditional_surface,val,2021-01-15,8538,8260,29,0.0035108958837772397,0.010574101357276301,8504,335,0.03939322671683913,0.02526829516399894,8470,69,0.008146399055489965,2.3936006467668367,0.002215332238747472,0.06207542750058562
conditional_surface,val,2021-01-19,8342,8064,34,0.004216269841269841,0.06550201757592794,8308,215,0.025878671160327396,0.018224380278657037,8274,43,0.005197002658931593,1.0274918298454392,0.0034399709169811144,0.0493886358187485
conditional_surface,val,2021-01-20,8381,8104,2,0.00024679170779861795,0.0004270732142440878,8347,185,0.022163651611357374,0.008945391703494095,8313,21,0.0025261638397690365,0.17387493709017163,0.0021545800474033912,0.03722706120987949
conditional_surface,val,2021-01-21,8490,8212,13,0.0015830491962981004,0.011293355345749372,8455,188,0.022235363690124188,0.009997371689566307,8420,21,0.0024940617577197148,0.1974622682021488,0.002194444234969364,0.039458186101295645
conditional_surface,val,2021-01-22,8343,8064,160,0.01984126984126984,0.26986118956041105,8308,105,0.012638420799229657,0.011055430780877614,8273,58,0.007010757887102623,1.0030234489680758,0.0013017517463599934,0.05465659834591873
conditional_surface,val,2021-01-25,8251,7972,27,0.0033868539889613646,0.044776372557818085,8217,186,0.022635998539612998,0.012770754987788832,8183,26,0.0031773188317243063,0.33711775172405495,0.0029670627160117394,0.04350987759059508
conditional_surface,val,2021-01-26,8207,7928,165,0.02081231079717457,0.40664128849925796,8172,76,0.00930004894762604,0.005419680925233829,8137,70,0.008602679120068821,2.881513313820171,0.0012861661901076519,0.05531863043743146
conditional_surface,test,2023-08-17,6398,6135,311,0.05069274653626732,0.43020871686427475,6369,599,0.09404930130318731,0.05105788189249919,6340,232,0.03659305993690852,19.445094016199928,0.0022090938718330962,0.128633948108784
conditional_surface,test,2023-08-18,6698,6435,180,0.027972027972027972,0.6197440197268395,6670,672,0.1007496251874063,0.06765841189414655,6642,196,0.029509183980728697,17.488875503784744,0.002865606647988501,0.14571513884741713
conditional_surface,test,2023-08-21,6677,6414,395,0.06158403492360461,0.4745656932524055,6650,630,0.09473684210526316,0.058034162980385225,6623,235,0.03548240978408576,46.54173943126971,0.002796821837027713,0.12969896660176727
conditional_surface,test,2023-08-22,6478,6215,231,0.03716814159292035,0.5930829717327764,6451,633,0.098124321810572,0.06586859137037043,6424,228,0.03549190535491906,22.801970344105477,0.0032398415112834425,0.1373880827415869
conditional_surface,test,2023-08-23,6362,6099,236,0.038694868011149366,0.7097772969311142,6335,561,0.08855564325177585,0.07194649726918217,6308,179,0.028376664552948638,20.57936293627862,0.0036413627530287713,0.1447657969192078
conditional_surface,test,2023-08-24,6513,6249,357,0.057129140662506,0.5243837481562865,6485,629,0.09699306090979183,0.0578449321595374,6457,250,0.03871767074492798,24.878823258744713,0.0025739142866769214,0.13158298787041303
conditional_surface,test,2023-08-25,6459,6195,160,0.0258272800645682,0.574524776136447,6432,622,0.09670398009950248,0.06290788036259604,6405,227,0.035441061670569866,22.051707310503897,0.002765785575729832,0.1315993187799969
conditional_surface,test,2023-08-28,6314,6050,613,0.10132231404958678,2.262594149765009,6287,528,0.08398282169556227,0.07733356159550481,6260,150,0.023961661341853034,18.159373133646696,0.0032446943375597304,0.2556224263541337
conditional_surface,test,2023-08-29,6240,5977,645,0.1079136690647482,2.2354757120552313,6213,503,0.08095927893127314,0.08981935529088808,6186,179,0.028936307791787907,28.48532887252018,0.0025672047293563596,0.2639423076923077
conditional_surface,test,2023-08-30,6471,6208,534,0.0860180412371134,0.9627877265527218,6444,509,0.07898820608317815,0.07741926651746822,6417,147,0.022907900888265546,15.958674499752966,0.0035470220393011313,0.23303971565445836
conditional_surface,test,2023-08-31,6326,6063,648,0.10687778327560614,2.8926313643421033,6298,369,0.058590028580501746,0.06445678423991769,6270,121,0.01929824561403509,15.543492529659597,0.00299975866178658,0.2522921277268416
conditional_surface,test,2023-09-01,6185,5922,310,0.05234718000675447,0.5469310037956882,6158,497,0.08070802208509256,0.07033641142501809,6131,153,0.024955145979448704,16.3680436732758,0.002064971974805524,0.11754244139046079
conditional_surface,test,2023-09-05,5980,5717,278,0.048626902221444814,0.6052150133893103,5952,499,0.08383736559139784,0.07053298366489293,5924,185,0.031228899392302497,34.87507504033616,0.0024530745870572357,0.11889632107023411
conditional_surface,test,2023-09-06,5886,5622,309,0.05496264674493063,0.5641165896452245,5858,488,0.08330488221235917,0.06331505316909508,5830,186,0.031903945111492284,47.68488184485866,0.002279546727070872,0.11977573904179409
conditional_surface,test,2023-09-07,5889,5625,257,0.04568888888888889,0.4360893549620738,5860,462,0.078839590443686,0.05277136451635214,5831,172,0.0294975132910307,26.62449412571561,0.00254562431820273,0.11377143827474953
conditional_surface,test,2023-09-08,5819,5556,450,0.08099352051835854,2.7206636412480805,5791,436,0.0752892419271283,0.08099203962862922,5763,112,0.019434322401526982,15.890730152143933,0.0037736357118712286,0.21051727100876438
conditional_surface,test,2023-09-11,6350,6087,472,0.07754230326926237,0.7484638985352812,6322,551,0.0871559633027523,0.0778158184110042,6294,191,0.03034636161423578,93.12114184595953,0.0030625967010704785,0.13354330708661416
conditional_surface,test,2023-09-12,6301,6038,543,0.08993044054322623,1.8853682868087258,6273,594,0.09469153515064563,0.08685384448565042,6245,143,0.02289831865492394,18.090143917515892,0.005246995189994692,0.2448817647992382
conditional_surface,test,2023-09-13,6033,5770,731,0.1266897746967071,1.4221791545139384,6005,618,0.10291423813488759,0.12610667515820795,5977,260,0.043500083654007024,100.57149806373454,0.004180504181947194,0.2429968506547323
conditional_surface,test,2023-09-14,5915,5653,481,0.08508756412524324,0.6837093210269061,5887,518,0.08799048751486326,0.09109241953092034,5859,188,0.032087386926096605,83.6137979865954,0.00337239934216241,0.13288250211327135
conditional_surface,test,2023-09-15,5641,5378,225,0.041837114168835995,0.44789463487815206,5614,504,0.08977556109725686,0.04687105468217334,5587,143,0.025595131555396455,9.915005086187334,0.00282529790181498,0.14110973231696508
conditional_surface,test,2023-09-18,5899,5636,425,0.07540809084457062,1.967961713443298,5872,463,0.07884877384196186,0.05482919768032179,5845,115,0.019674935842600515,10.895774133783224,0.0029389098187539435,0.20444143075097473
conditional_surface,test,2023-09-19,6086,5823,463,0.07951227889404087,2.014819963303877,6059,506,0.08351213071463938,0.058069452499295626,6032,121,0.02005968169761273,12.520957239806197,0.0033333585204033695,0.21344068353598422
conditional_surface,test,2023-09-20,6092,5829,424,0.07273974952822096,0.41458179716203586,6065,608,0.10024732069249793,0.05608056278462254,6038,235,0.03892017224246439,48.61758314359175,0.0030699619631134054,0.12902166776099802
conditional_surface,test,2023-09-21,5994,5730,371,0.06474694589877836,0.3231345057089213,5966,614,0.10291652698625545,0.044970678696625084,5938,248,0.04176490400808353,20.483253794035136,0.0031064577928242303,0.12879546212879547
conditional_surface,test,2023-09-22,5770,5506,167,0.030330548492553577,0.4339500413500501,5743,637,0.11091763886470486,0.05752890733088774,5716,218,0.03813855843247026,17.0700643193249,0.0028216308408648824,0.1483535528596187
conditional_surface,test,2023-09-25,6137,5873,354,0.06027583858334752,0.9669728060756096,6110,668,0.10932896890343699,0.06684950500544634,6083,241,0.0396186092388624,21.337875060750736,0.005003926996230816,0.17712237249470425
conditional_surface,test,2023-09-26,6107,5843,315,0.053910662330994355,2.5987115552346554,6080,243,0.039967105263157894,0.03597444152378754,6053,99,0.01635552618536263,7.697842621145068,0.003809771166193962,0.13820206320615686
conditional_surface,test,2023-09-27,6294,6030,354,0.05870646766169154,2.4065171145991435,6267,317,0.05058241582894527,0.04638824252413443,6240,127,0.020352564102564103,14.04543657287741,0.00384657084284318,0.16301239275500476
conditional_surface,test,2023-09-28,6448,6180,395,0.063915857605178,0.34392618725329144,6420,633,0.0985981308411215,0.048258495718950516,6392,215,0.03363579474342929,29.155527170997317,0.0024604616854965104,0.1358560794044665
conditional_surface,test,2023-09-29,6655,6387,219,0.03428839830906529,0.9306736228643868,6627,670,0.10110155424777426,0.061437633693777235,6599,194,0.029398393696014546,14.94173970352939,0.002300507172729222,0.15507137490608566
conditional_surface,test,2023-10-02,6777,6509,304,0.046704562912889845,2.152770680234318,6748,404,0.05986959098992294,0.05076309783851497,6719,131,0.019496948950736715,9.382528156918752,0.003268829700299463,0.15065663272834587
conditional_surface,test,2023-10-03,6604,6336,245,0.038667929292929296,1.9472599431368565,6575,264,0.04015209125475285,0.03768871007595325,6546,106,0.016193095019859455,7.573852097637042,0.0031168962539102197,0.11720169594185342
conditional_surface,test,2023-10-04,6859,6591,400,0.06068881808526779,0.33960992853807337,6830,692,0.10131771595900439,0.04941254086167204,6801,300,0.044111160123511246,30.804996716270246,0.002784564401592904,0.13544248432716138
conditional_surface,test,2023-10-05,6770,6502,476,0.07320824361734851,0.39732783864726984,6740,684,0.10148367952522255,0.05874253871672354,6710,323,0.048137108792846495,51.953852466520296,0.002477507801086422,0.14224519940915806
conditional_surface,test,2023-10-06,6571,6303,321,0.050928129462160875,1.8642888864239453,6542,281,0.04295322531335983,0.04247672936830017,6513,128,0.019653001688929833,8.9696178397034,0.002346367289718058,0.13833510881144423
conditional_surface,test,2023-10-09,6460,6192,335,0.054102067183462534,2.454914840097111,6431,303,0.047115534131550306,0.047346583917323125,6402,138,0.02155576382380506,11.68493645435907,0.0032216711170203836,0.15139318885448916
conditional_surface,test,2023-10-10,6395,6127,190,0.03101028235678146,0.3555395002470845,6366,506,0.07948476280238768,0.04870099384550053,6337,184,0.029035821366577244,10.862614773814823,0.003420239856699727,0.11946833463643472
conditional_surface,test,2023-10-11,6186,5919,308,0.05203581686095624,2.0852736639517735,6157,231,0.0375182718856586,0.033350880992074936,6128,133,0.02170365535248042,11.888300559179417,0.0022683845025572172,0.13821532492725508
conditional_surface,test,2023-10-12,6162,5894,276,0.04682728198167628,1.6642452965375871,6132,335,0.054631441617742985,0.048624463666563755,6102,143,0.023434939364142905,11.312776142460375,0.002488874372670596,0.14589419019798766
conditional_surface,test,2023-10-13,6884,6617,480,0.07254042617500378,0.34578472651029546,6855,687,0.10021881838074398,0.058502072352204615,6826,290,0.042484617638441254,33.31325684393572,0.0027557365211408604,0.13277164439279487
conditional_surface,test,2023-10-16,6776,6510,393,0.060368663594470046,1.6904873735763315,6747,624,0.09248554913294797,0.06359377335939889,6718,218,0.03245013396844299,17.710512549475585,0.003928542547400899,0.19569067296340023
conditional_surface,test,2023-10-17,6753,6487,335,0.05164174502851857,0.25908794486993403,6724,589,0.08759666864961332,0.04035806562666586,6695,240,0.035847647498132934,29.235374513744937,0.0025146259415429082,0.12083518436250555
conditional_surface,test,2023-10-18,6611,6344,245,0.03861916771752837,1.3206050226650845,6582,195,0.029626253418413857,0.023931922758315956,6553,85,0.012971158248130627,6.464226365744501,0.0028481321053154328,0.10618665859930419
conditional_surface,test,2023-10-19,6447,6180,397,0.06423948220064725,0.3658333245048716,6418,631,0.09831723278279839,0.061323426151441686,6389,301,0.04711222413523243,46.97969890793962,0.0033942083979656736,0.1476655808903366
conditional_surface,test,2023-10-20,6786,6521,93,0.014261616316515872,0.35299619806836163,6758,698,0.10328499556081681,0.055728767937224484,6730,230,0.03417533432392273,14.816514763815025,0.002332067917128287,0.1492779251399941
conditional_surface,test,2023-10-23,6583,6318,157,0.02484963596074707,1.092975712276874,6555,114,0.017391304347826087,0.006687850483377618,6527,50,0.007660487206986364,1.2136234868011877,0.0026710893985692065,0.06668692085675224
conditional_surface,test,2023-10-24,6663,6399,333,0.052039381153305204,1.268121100530493,6635,285,0.04295403165033911,0.042211629837340635,6607,118,0.01785984561828364,8.868012446289091,0.0031371802850730618,0.1430286657661714
conditional_surface,test,2023-10-25,6753,6488,236,0.036374845869297165,0.8499972142988999,6725,332,0.04936802973977695,0.04614677889254001,6697,121,0.01806779154845453,9.066175259335578,0.0035941917593084968,0.12187176069894862
conditional_surface,test,2023-10-26,7044,6778,247,0.036441428149896725,0.8890468280624327,7015,270,0.03848895224518888,0.035758800556421506,6986,88,0.01259662181505869,5.708768687983605,0.0030965636612773476,0.11541737649063033
