pc_idx,raw_dim_idx,loading
0,0,-0.125715498817295
0,2,0.24274843525950807
0,3,0.14164858593776158
0,5,-0.12218385506894118
0,6,-0.23722463775580724
0,7,-0.09717965651157597
0,9,0.07043618289908841
0,12,-0.052012890022347394
0,13,-0.08958588212898023
0,15,-0.12292439099305047
0,16,0.15757906323587298
0,18,-0.24507800256084583
0,20,-0.08325022408843369
0,21,0.06489958387270783
0,22,-0.07763189413302403
0,24,0.07080913175582547
0,25,-0.09227109736830486
0,26,-0.19843444153107798
0,27,0.3374598474462021
0,29,-0.09980432003690431
0,30,0.08992723836212059
0,31,-0.1569901153973673
0,32,0.11729580065122999
0,34,-0.1738223518259833
0,35,-0.11588883529836523
0,36,-0.10263616206065093
0,37,-0.2025790626549332
0,38,0.1383735098985231
0,41,0.14025008553256074
0,43,-0.06535547314979975
0,44,0.11024367595018374
0,45,0.059822569917271584
0,47,-0.23651016684133475
0,49,-0.16123301313995364
0,50,-0.15055522886414588
0,51,-0.052301836394051414
0,52,0.11827773687582105
0,54,-0.07078339178098338
0,55,-0.11321760712724714
0,57,0.22908240798133264
0,58,-0.11261365161188275
0,59,-0.09820111333092042
0,60,0.08129756517129666
0,61,-0.24703319822734854
0,62,0.09407397506613399
1,0,-0.14687242443495235
1,2,0.19799537025675495
1,4,-0.16846892053411738
1,5,0.21351209754499653
1,7,-0.34116212729355655
1,9,0.10823347117450687
1,10,0.08818862972107178
1,11,0.11641699995352629
1,13,-0.12330495159319792
1,14,0.05517399780020722
1,17,0.33410760466354233
1,18,0.15702335529053932
1,20,0.22010211298120283
1,21,0.09962998881154686
1,22,-0.12680035341101817
1,23,-0.12114897224954024
1,24,-0.11134814486861255
1,25,-0.117958489762287
1,26,-0.147474355216766
1,27,0.12481216556847416
1,28,-0.058485098835229364
1,29,-0.10087051963010743
1,30,-0.1837756519778892
1,31,-0.13050990600397452
1,32,-0.10745573139660189
1,34,0.10233584967439326
1,35,-0.09501635012289923
1,36,0.2646474153181504
1,37,-0.08451724492311205
1,39,-0.05495502979720347
1,45,-0.11379568036390805
1,47,-0.06353461311486026
1,50,-0.13479689363533184
1,51,0.07265596985246946
1,52,-0.057716522728909224
1,53,-0.057649020163349836
1,54,0.1580831799730332
1,57,-0.23518987813790812
1,58,-0.05373242807796959
1,59,0.2494554411664536
1,60,-0.06229851588040922
1,61,0.1182813324406655
1,62,0.07131015132371787
2,0,0.14490083245443588
2,1,-0.12317418977423128
2,2,0.1018266184721705
2,3,0.14285084740304876
2,4,-0.06908127684017373
2,5,-0.24242490238773254
2,6,0.11412855103873991
2,7,0.1296642501112998
2,10,0.05651331430649336
2,11,-0.15988222748542155
2,13,-0.16737651411602514
2,14,0.12357493203223967
2,15,0.12625973507358576
2,16,0.19646748271486658
2,19,-0.12985367655213
2,21,0.06857516044575089
2,22,0.1802781109794289
2,24,0.15427590972331215
2,25,-0.30627609202619255
2,26,-0.12267683063759391
2,27,-0.1224088173252365
2,30,-0.19824356920026495
2,31,0.08273806411395984
2,32,-0.2157537606957387
2,33,-0.2052885090551151
2,34,0.20000919942291998
2,38,-0.05981247295224973
2,40,0.19696218751226527
2,43,-0.058985376660299495
2,44,-0.2177180828809708
2,46,-0.10126637720936524
2,49,-0.24596671832946332
2,51,0.07962058090561892
2,54,-0.1656539999728064
2,55,0.07115716223694175
2,56,0.05434280115311019
2,57,-0.11560397257080762
2,59,-0.13874119138570798
2,60,-0.12166492627800757
2,61,-0.12339379667696092
2,62,0.14223500098554412
2,63,-0.17273123792095552
3,0,-0.11064666081949336
3,1,-0.087027625703203
3,2,0.13122154046320386
3,3,0.10967880440378275
3,4,-0.18490518815036
3,5,0.13159131990671857
3,6,0.11151351089192918
3,7,0.24485395812346494
3,8,0.12053376588178667
3,10,-0.12867940403262812
3,11,-0.12019989502230163
3,12,0.05289880354399158
3,13,-0.07575640905887761
3,14,0.21681239470145583
3,16,-0.1958655553193301
3,17,-0.10575746572883543
3,18,0.07784180922486028
3,19,-0.05430955853708147
3,20,0.16112672401503741
3,22,-0.15221021801194753
3,24,0.21392870413500018
3,25,0.06818545558577166
3,26,0.08648042367840732
3,27,-0.15373670862695196
3,28,-0.13716298747219913
3,29,0.09499590604887519
3,31,0.15245327331896652
3,35,-0.2448542656284669
3,36,-0.2324959915635784
3,37,0.10212126069677445
3,38,0.06604336915008639
3,39,-0.06338933474358514
3,42,-0.13521935390619266
3,43,0.07090424878036958
3,44,0.23237533079258535
3,46,0.1644296149742491
3,47,-0.23879663536724388
3,49,0.08970149007939128
3,50,-0.07888496869673368
3,51,-0.13160405444301623
3,52,0.05569213565101732
3,53,0.05253985813061026
3,56,-0.10922489095020263
3,57,-0.1046989641361531
3,58,-0.060348283477479
3,59,0.0675169405936414
3,60,0.1523086664548814
3,61,-0.15715510430618485
3,63,-0.2449481826802872
4,0,-0.1443242962154333
4,1,-0.2376060802255532
4,3,-0.28919402008481276
4,4,-0.13136621427901574
4,5,-0.05734705146961633
4,6,-0.0790923015778528
4,7,0.06344015787600987
4,8,-0.13920471062741827
4,9,0.18204568892462894
4,10,-0.254765933212459
4,12,0.1682041492249873
4,14,0.08157652277355465
4,15,0.19802020787827004
4,16,-0.09465787803659914
4,17,-0.09579942225803108
4,18,-0.10816052071578984
4,20,-0.20230515474017205
4,22,-0.19585763189728056
4,23,0.1853510918821381
4,24,-0.09006854711073792
4,29,0.13013515078144927
4,30,-0.15384162336876225
4,32,0.07342600299049343
4,33,0.23036383972168442
4,37,-0.08749685138417568
4,38,0.07279998132903896
4,40,0.07743627781081792
4,41,0.12966178078995863
4,42,0.21963832007809672
4,43,-0.08435693003372835
4,44,-0.11389923012465218
4,47,0.06068349423225029
4,48,-0.13018178362056332
4,50,-0.2194978599702549
4,51,0.14718514307574815
4,52,0.07953497856853788
4,53,0.05097511397654122
4,54,-0.05590337681628599
4,55,0.07188937224448429
4,56,0.1366283679415866
4,57,-0.08839933006662495
4,58,0.0856473116491725
4,59,0.07310184845263341
4,60,-0.10187468222925355
4,61,0.14826519596511137
4,62,0.17410058421604377
4,63,-0.20253631707102265
5,0,0.14357061052354542
5,1,-0.140322946980547
5,2,0.13323393506436504
5,4,0.32617506723796463
5,5,0.09414664790944338
5,8,0.16502049395887614
5,9,0.11665189925045022
5,10,-0.10386488680097024
5,13,0.12608393949165894
5,14,0.13223325466841093
5,17,-0.09278011765488525
5,18,-0.07364969620609783
5,19,-0.17589912882878245
5,20,-0.06728927917771646
5,22,0.12203442037716439
5,24,-0.2353833810914527
5,25,-0.07152240185140178
5,26,-0.13653847015462092
5,27,-0.2210593621682553
5,30,-0.08246138295347825
5,31,-0.11670098473801793
5,33,-0.13383283758137876
5,34,0.08514881308081958
5,35,-0.1022313139349582
5,36,-0.11051239673745115
5,38,0.0731734361776655
5,39,0.2025845491093876
5,41,0.1743556906678956
5,43,-0.12416989395704153
5,47,0.0513107248334358
5,51,-0.1788258083761621
5,52,0.11431650167184551
5,53,-0.12721576640397683
5,54,0.14591445196351055
5,55,-0.2579249095517296
5,57,-0.10679249574277691
5,58,0.12338156675974792
5,59,0.2971251552603702
5,60,0.19956313619792654
5,62,0.09941737857018176
5,63,0.22236357871935158
6,0,0.08581734863636081
6,1,-0.23060314000895554
6,2,-0.10243412743362847
6,3,0.10873746831575243
6,4,-0.06430035346553525
6,5,-0.13979619434893842
6,7,-0.07205208906112319
6,8,0.183439920927625
6,10,-0.23673513888526487
6,11,-0.05797328874323764
6,12,0.05523522369599843
6,13,0.1805435527051245
6,14,-0.10667921427447696
6,16,-0.06924513530560486
6,17,0.13621591971344396
6,18,0.166141175394332
6,19,0.07372948067576311
6,20,0.1355351602912485
6,22,-0.19716140005180768
6,23,-0.051983213751723795
6,24,0.12025366283285222
6,25,-0.10506314708267948
6,26,-0.1952108376183665
6,27,-0.1276492915247293
6,28,0.18958719463600235
6,29,0.12269338447823501
6,30,0.2125550585178145
6,31,-0.07665416746068156
6,35,0.052258451520229274
6,36,-0.05090454355048291
6,37,0.08719190011778773
6,38,-0.05891263304647336
6,39,0.12937943977854122
6,41,-0.0855769515720722
6,44,0.24605393702796755
6,46,0.06694771397661373
6,48,-0.05205032549955254
6,49,-0.14371944937744321
6,50,-0.13303569056700976
6,52,0.05342715160086187
6,53,-0.09778667616746393
6,55,0.14874050103345385
6,56,-0.11511018718906263
6,57,0.23754311503512282
6,58,0.17747455619986274
6,59,-0.05989980194686222
6,60,-0.08953593972871716
6,61,0.2243718954728117
6,62,0.24362791773330575
6,63,0.18948873722992954
7,0,-0.05118997581158519
7,1,0.11216315315819332
7,2,-0.2377343185707998
7,4,0.06439110926784201
7,5,-0.13023830191083563
7,6,-0.2377985600030288
7,7,-0.26554967496706194
7,8,0.06146599456097451
7,9,0.058948525560531984
7,10,-0.08636453048943088
7,11,0.08590612641805535
7,13,-0.16103404469518834
7,15,0.07811726225604505
7,16,0.05559549331143287
7,19,-0.07019664206958107
7,21,-0.17166028004765999
7,23,-0.25218227757223566
7,24,0.09922550401754181
7,26,0.09839223249940142
7,27,-0.23357515940949364
7,28,-0.07261459426828831
7,29,0.18809307884430107
7,30,-0.156601943218632
7,32,0.17094188513416625
7,33,-0.09572520256293648
7,36,-0.05790581170313588
7,37,-0.1128173987467706
7,38,-0.1460821673462998
7,39,0.10689875235336879
7,40,0.20620041409926623
7,41,0.17036747526619841
7,42,0.2849635609423542
7,43,0.06822596101622892
7,44,0.22307256465921493
7,45,-0.14047790383343334
7,47,-0.09560549308989118
7,48,-0.13176289698446864
7,50,0.09412158267769659
7,52,-0.21499584367779287
7,53,0.09128313622302847
7,55,-0.20183103166336902
7,56,-0.12292440405607262
7,58,-0.08114611982733289
7,61,-0.0909607270203077
8,0,0.07085733006101425
8,1,0.13545378613514805
8,2,0.09372871549848687
8,3,0.08154041231441177
8,4,-0.07118702812680247
8,7,0.10500628434895479
8,8,0.2798169109620037
8,9,-0.23589940261324327
8,10,-0.21718878728136748
8,11,0.07689144041746826
8,13,-0.14191366088863047
8,14,0.11363819423165492
8,15,0.20305124884782813
8,16,0.17506050593236575
8,17,0.13725593176601256
8,18,-0.07703807932837886
8,19,0.1587420328279896
8,20,-0.06735560719908514
8,21,0.2285620797059039
8,22,0.10043087471042739
8,24,-0.2172057317388425
8,25,-0.060499193141997275
8,28,-0.10920449941006624
8,29,0.11145437975995955
8,30,0.10555422705603415
8,31,0.11250930188627727
8,33,0.1654140362311734
8,35,0.1741255704654003
8,36,-0.23937043191549873
8,37,-0.2128065520200995
8,38,0.08709541070107824
8,39,-0.1242011583263093
8,40,-0.0792325887516871
8,42,-0.06607322181936977
8,43,0.0608632581507063
8,45,-0.1934964130067711
8,46,-0.13334705391392185
8,47,-0.06682080404627182
8,48,-0.09339329766473872
8,49,-0.1255699435611409
8,50,0.09231516674801461
8,52,-0.10425487866833254
8,53,0.12617654542877554
8,58,-0.05169741721429258
8,60,0.14736092681699556
8,61,0.2896874120570764
9,1,-0.08849964351552882
9,2,0.06978321189792928
9,3,-0.21975627657738683
9,6,0.05828718253448861
9,9,0.06411769366392715
9,11,0.19622591519702198
9,12,0.32963744195541067
9,14,0.08298033410708812
9,15,-0.07480549533722594
9,16,0.15600313375161393
9,20,0.09523825529254856
9,21,-0.1945133322678855
9,25,-0.05856031348171952
9,26,0.10715709595258445
9,28,0.28760416110046494
9,30,0.09496625614761883
9,33,-0.10504634365775331
9,35,0.3869068036235973
9,36,-0.078718438234071
9,38,0.10861259308860254
9,39,-0.15707364778892385
9,40,0.14789541916849056
9,43,-0.21562098389870857
9,46,0.14023383189340305
9,48,0.1666936938246612
9,49,-0.17996365620445848
9,50,0.15860386104939958
9,56,-0.1221143339392547
9,57,0.1545909227616044
9,59,0.2554998177084674
9,60,0.22211946157341056
9,62,-0.10713381585968854
9,63,-0.17564890183435386
10,0,0.22543272514551443
10,1,0.13115512219445064
10,2,-0.050500812812225626
10,3,0.09774632441009473
10,4,0.1442621395952081
10,5,0.079056128423222
10,6,0.13706602274182156
10,7,-0.10851061068738553
10,8,-0.1099646494430922
10,9,-0.10395234576508083
10,10,-0.20554574229585693
10,11,0.0945238716386263
10,12,0.24350681503810193
10,13,0.05207561996375237
10,15,0.19151037698810217
10,16,-0.13597784963670012
10,17,0.1450735173985976
10,18,0.06662136669273881
10,19,-0.067463165493362
10,21,-0.07559243898953884
10,23,0.07576126320056917
10,24,0.17854949769080053
10,25,0.11604133116347698
10,27,0.20342515332908517
10,28,-0.05088535410779041
10,29,-0.19984992914195626
10,31,0.17702740941906034
10,32,-0.15778066056202847
10,36,-0.12167522947069691
10,39,0.16216611838768386
10,41,0.13137992769128765
10,42,0.18113764547077277
10,44,0.05768671737094363
10,45,-0.09509686865798662
10,46,-0.16188364528069202
10,48,0.2965927598792933
10,49,-0.08609830692143983
10,50,-0.23941543247029262
10,52,-0.14406960456204612
10,53,-0.09851388771791005
10,54,0.15987946887998092
10,55,0.13821466089064283
10,56,0.16720962228182248
10,58,0.10732386906108797
10,60,0.05636078578832743
10,61,-0.1556147458399685
11,1,0.09118960216378566
11,2,-0.07223239357962274
11,3,0.08678950708625739
11,4,0.12990575896754566
11,5,0.15986465841287564
11,6,0.14221464145307025
11,7,-0.05489139021829246
11,9,-0.23097511617058394
11,10,-0.1222481236156393
11,11,-0.05068867690405142
11,16,0.051936640620803276
11,17,-0.05803278755115783
11,18,-0.27300668087413477
11,19,0.15284002279079684
11,20,0.07762644544552101
11,22,-0.22438546341872867
11,23,0.05079448454341352
11,25,0.05325832972456409
11,28,0.08089471325548593
11,29,0.13850297982688148
11,32,-0.07245180017127845
11,33,-0.147506671254747
11,35,-0.08900900460394623
11,37,0.0981224282005571
11,38,-0.07556158708822702
11,39,-0.2127406819229926
11,41,-0.1272402905990773
11,42,0.16077765197521635
11,43,-0.2225216358095401
11,45,-0.1365900455663137
11,47,0.06467250903069369
11,48,-0.07943384903090318
11,49,-0.13274698803699833
11,50,0.18126007585798712
11,51,-0.11546904484184124
11,52,0.09430636371525287
11,53,0.05746051210081709
11,54,0.12265163561831591
11,55,-0.14444705135001285
11,56,0.19250848391408
11,59,0.15984496954710134
11,60,-0.4620057002922225
11,61,-0.1444492134553284
11,62,0.06690533583208581
11,63,-0.06341508843220332
12,0,0.17871734848293278
12,3,-0.0702337194796048
12,4,0.09596675546950283
12,5,0.08700485189806069
12,6,0.06232783563076349
12,7,0.122354770649338
12,8,-0.1337742641549213
12,9,0.14780177200149094
12,10,-0.07288573887128712
12,11,0.11860297757521787
12,13,0.12961636075990413
12,14,-0.060779186394139095
12,15,-0.12393335964226913
12,16,0.09946225120606372
12,19,0.15151394200027968
12,21,0.0902296937347825
12,22,0.1043558396919718
12,23,-0.12780459563803845
12,24,-0.06786623001940933
12,25,0.1662610732902011
12,29,-0.1413646998794966
12,30,-0.14306862573708762
12,31,-0.06596603859322822
12,32,-0.17325930791191016
12,33,0.2165773224198628
12,35,0.12055646556229632
12,36,-0.08093902220606894
12,37,0.10089086903911773
12,38,-0.1061592809641554
12,39,0.10395855496277627
12,40,0.13706949128650195
12,41,0.15521071224229283
12,42,-0.22126198371907888
12,43,0.09955321595660886
12,44,-0.06408359047776994
12,45,-0.13586340998010837
12,46,0.189639957553089
12,47,-0.24524931200013297
12,48,-0.1716997185492794
12,49,-0.10010468263654633
12,50,-0.07105144594838018
12,52,0.09273487441659106
12,53,0.33020224388901637
12,54,0.09447748588385368
12,56,-0.1929882797995927
12,58,0.05186589265581847
12,60,-0.16505730957886414
12,61,-0.22398324351601678
12,62,0.18274013128646177
13,0,-0.4172928410813523
13,2,0.09575307006588228
13,3,0.1306443461655205
13,4,0.20341410705354473
13,6,-0.2049300835517431
13,7,0.23412574278717993
13,8,-0.06734909415230925
13,11,0.17122712802192036
13,12,-0.0889594783963978
13,15,0.06482932205938322
13,16,-0.17740727651513366
13,17,0.16318814707070928
13,18,0.11941899591651278
13,19,-0.06915562911485457
13,22,0.1315898359666125
13,23,0.1807889553463188
13,27,0.06898406460337203
13,28,0.19661284564418824
13,29,0.15087964675683152
13,30,0.08654136334185442
13,31,0.0887121903612189
13,33,0.0835601304435309
13,34,0.26432611415654794
13,35,0.12245645660648097
13,38,-0.079771433938753
13,39,-0.07429279205446672
13,40,0.06538586249219396
13,42,-0.14206194776774203
13,43,-0.12243954927176405
13,44,0.0927477781087346
13,45,-0.14021536883993674
13,46,-0.1428080726535275
13,47,-0.11558080436631923
13,48,-0.09699659989977187
13,50,-0.13901243352827142
13,52,-0.06967049226074652
13,53,-0.08397278517168028
13,54,-0.05949653174552249
13,55,-0.10282384550997277
13,57,-0.13621294076012813
13,58,0.1576103976028048
13,60,-0.18412519622967616
13,61,-0.09595928478354337
13,62,-0.17445618827703155
13,63,0.12023621494704857
14,0,0.17537567770110185
14,2,-0.07263176066475438
14,3,-0.1767295324740361
14,5,0.12146533896159621
14,6,0.07676537954424864
14,9,-0.20720282157819542
14,12,-0.16217550003347103
14,13,0.11035938635547093
14,14,-0.26298087274572474
14,15,-0.051225823786407304
14,17,-0.10662172845962115
14,18,0.1950859083946157
14,21,-0.18278649067193667
14,22,-0.15317057406822676
14,23,0.07736746936752306
14,25,-0.07254404036370757
14,26,0.18849731733009764
14,28,-0.14819284421128778
14,30,0.08392203863070921
14,31,-0.10881661549706931
14,32,0.07825876999040401
14,33,-0.10388307714998604
14,34,0.19786767624611454
14,35,-0.05931964554703628
14,36,-0.06385511389842065
14,38,0.3553457660117863
14,39,-0.1428433071472669
14,40,0.12722723516833398
14,41,0.07144190454480316
14,42,-0.07276909587344135
14,43,-0.20352886417492036
14,44,-0.062298738202314435
14,46,-0.1118367628408229
14,47,-0.19926592164442541
14,48,-0.06511162519808994
14,49,-0.10301251032142726
14,50,-0.09621805346761997
14,52,0.06874059444147664
14,53,-0.16462301871986307
14,55,-0.11515010409860406
14,56,-0.0992729172656902
14,57,-0.18463278039326486
14,58,-0.17981473579659868
14,59,-0.20680111688876482
14,61,0.06287278401529668
14,62,0.13426723116716996
15,0,-0.24088144981498014
15,2,-0.06725277393428636
15,3,-0.09771497601830059
15,6,0.16400674828172243
15,9,-0.12063363868472546
15,10,0.1692926793436083
15,12,0.13370124951723916
15,14,0.07600822503407717
15,15,0.3895320580450633
15,16,0.17202431874513768
15,17,-0.13941709937267754
15,19,-0.20395616792429244
15,22,0.08530996970429183
15,23,-0.11775475133463173
15,24,0.17619205551696662
15,25,-0.1461390960350351
15,26,0.05495020409672243
15,30,-0.08010760275225944
15,32,0.05412416111960065
15,33,0.12396760804229962
15,34,-0.1742741567728057
15,37,0.08970613583211967
15,38,0.06674065401668952
15,39,-0.13349817698961833
15,40,0.08234666391095836
15,41,0.11193678060663338
15,42,-0.19581661748650572
15,43,0.08205970370446604
15,44,-0.08638788180874646
15,45,-0.0553971190146302
15,46,0.14145948725965005
15,47,-0.20087525612419926
15,48,0.17670548663187705
15,49,0.09007641953367107
15,54,0.18213730731146544
15,56,0.11556471943241547
15,57,0.14043899410477179
15,60,-0.1545627244707295
15,61,0.13151103656597934
15,62,0.08781500797771206
15,63,0.3516401487039502
16,0,0.1608513071453174
16,1,-0.2006427982793923
16,2,0.16957578360433997
16,3,-0.052462714145030794
16,4,-0.08204357531572085
16,5,0.32658755786575533
16,7,0.09059033387824303
16,8,-0.13174344377272101
16,9,0.07232080841462783
16,11,-0.12530038420438727
16,12,-0.1457411687686872
16,15,0.12933892768577193
16,16,-0.09631087049871506
16,17,0.08935518637257409
16,18,-0.09169277938269879
16,19,-0.10657233734614857
16,20,-0.11606308392408404
16,22,-0.13975883659220134
16,24,0.26379396941233957
16,25,0.12630350649565136
16,26,-0.10775490306685198
16,27,0.10296014716092833
16,28,0.25578244310497045
16,29,0.124920970645256
16,30,-0.06529586984213363
16,31,-0.09245046458260363
16,33,-0.2352016550003564
16,35,0.21531318671648034
16,36,-0.055964780911265055
16,37,-0.14525313793048014
16,39,0.06763872515279075
16,40,-0.060764084073564185
16,41,0.10921699755785702
16,42,-0.05894369665227227
16,43,0.1850488323814591
16,44,-0.07066649612510666
16,45,-0.17197675131070095
16,46,0.15569169715244907
16,47,0.05268923447435907
16,48,-0.08929231967633876
16,49,0.07331776185462867
16,50,0.15693379741713204
16,51,0.0756842714652083
16,52,-0.19056058937129267
16,53,-0.07689468613837606
16,55,-0.08639264417694822
16,58,-0.21412916126207104
16,59,-0.15070125649901786
16,61,0.07174509163143074
16,62,-0.06985214294702491
16,63,0.08615540049083585
17,0,-0.09198064480389691
17,1,0.05882563804515131
17,2,0.1585291948840787
17,4,0.1605754358384255
17,5,-0.1702001856762728
17,8,-0.10566654596031008
17,9,0.2420641473601125
17,10,-0.17301112570260205
17,11,-0.14741280536960744
17,12,0.09654192229466674
17,13,0.11398059140466857
17,16,0.13019768370187773
17,17,-0.11797400662024073
17,18,0.119730483622797
17,20,-0.26132903645722483
17,24,0.07594558219841757
17,25,0.16952069116503415
17,26,0.055244089431484705
17,27,-0.1654226526374161
17,28,0.07873820831741712
17,29,-0.22274073782185425
17,30,0.12370825351822493
17,31,0.08371482644747467
17,32,0.0652618182698793
17,33,-0.1506438236259728
17,35,-0.16791366367956617
17,36,0.08700883696980065
17,37,-0.09250139701242659
17,39,-0.11346385474003132
17,40,-0.21107395728634928
17,41,-0.24712161604112648
17,42,0.0593653722819561
17,44,-0.13089461145220543
17,45,-0.11319907609265996
17,47,-0.24597770210341896
17,48,0.07784589858178073
17,49,-0.17963757794904964
17,52,-0.25108749504633093
17,53,0.0750987110223163
17,56,-0.1741803849150299
17,57,-0.15454851453859172
17,59,0.08954535737188898
17,60,-0.10555164079280911
17,61,0.15771156330939584
17,63,0.07028550973864688
18,0,0.11471972782488377
18,1,-0.20628156540681658
18,2,0.1740216655828891
18,3,-0.11602707074504975
18,4,0.08960148939191095
18,5,-0.08330672165411741
18,6,0.09244725081792468
18,7,0.12611518410058448
18,8,0.17445770499042695
18,10,0.07385149591266685
18,11,0.2884595316294612
18,12,-0.11590463146113528
18,13,-0.07006971498946646
18,15,0.06648915452757552
18,16,-0.06100209166748899
18,17,-0.07977759587332989
18,18,0.15661591675562372
18,20,-0.14373912829218188
18,23,-0.12720127265473313
18,25,-0.11217585691890097
18,26,0.12851503662761976
18,27,0.2478885482335354
18,28,-0.2800375251327453
18,30,0.21887410709926713
18,31,0.11117948112022624
18,33,-0.08938529970821432
18,34,0.05891976571112555
18,36,0.16675366101867245
18,37,-0.1864598440829124
18,39,0.10283213418070297
18,42,0.16900866792606326
18,43,0.1791401201036315
18,44,0.06173972954146073
18,45,-0.08294422735380406
18,46,0.19510508582600186
18,47,-0.09768097133976249
18,49,-0.06436508164767914
18,50,0.20252388231419194
18,51,0.05640818883559134
18,52,0.1817248901340902
18,56,0.05622294671672627
18,57,0.12663858646362025
18,58,0.18543248390105033
18,59,0.08319553341494638
18,60,-0.1908642182466822
18,61,-0.05077175326315073
18,62,-0.11328757943664737
18,63,-0.06879633220163921
19,0,-0.16408738216224386
19,2,-0.07808009764067214
19,3,0.09867360669655753
19,4,0.1822941601752637
19,5,0.1034250288328095
19,6,0.10716945549828216
19,7,-0.15291156365660322
19,8,-0.17568998540703862
19,9,0.07939419170596135
19,10,0.09921492918017424
19,11,-0.25490152139110295
19,12,0.06086993663985643
19,13,0.08735961894727132
19,14,-0.10073799775146058
19,15,0.1587959502022109
19,16,0.13756344151794025
19,17,0.08041044235836065
19,19,0.2581149322671929
19,21,0.06910934474040724
19,23,0.1727796584786274
19,24,-0.10417788945920087
19,26,0.12284124446459779
19,27,0.11144685481509742
19,28,-0.2762976973167559
19,29,0.17258759740467566
19,30,-0.13394510581330546
19,33,-0.16583479742723964
19,34,0.17855621534729338
19,36,-0.09230481486011338
19,37,-0.18796527000966856
19,38,-0.10489382150427697
19,39,0.1389092270737776
19,42,-0.12307642420565947
19,43,-0.17068561098266702
19,44,0.16514971113350746
19,46,0.2804795208827649
19,47,-0.05911106855500269
19,48,0.09771233352207682
19,50,0.11226580517153856
19,54,-0.24319571582200492
19,55,0.06687303995336209
19,57,0.08110605996475574
19,58,0.09158198261915657
19,59,-0.07979325794567806
19,60,0.15055963414340184
19,61,0.0645944732523506
20,0,0.05898376484326167
20,1,-0.09124141322360335
20,3,0.1510157268126591
20,5,0.07081772301816591
20,6,-0.08275374374413533
20,7,-0.05283604360084869
20,8,0.09156373238893104
20,10,0.07407804697238052
20,12,0.09965346588603409
20,13,-0.14366818871231582
20,14,-0.07355292843318592
20,15,0.07478274102765069
20,16,-0.10274366144193775
20,18,0.1245477270113593
20,19,0.2864835864842322
20,20,-0.10570578847494548
20,21,0.2284304075659149
20,22,-0.12813792390034917
20,24,0.12456646494177863
20,25,-0.1663731882771048
20,26,0.16258733192670555
20,29,-0.31833124518601713
20,30,-0.13295806703258556
20,31,-0.06132541691639504
20,32,0.410580872496506
20,34,0.19453001471295867
20,36,-0.1278735228783498
20,37,0.26162625148081425
20,39,-0.0665530696368561
20,41,0.08949887773475969
20,42,-0.06239297852848405
20,43,0.08539385229212161
20,44,-0.10763160245352907
20,45,0.089785251301027
20,46,0.1109306852032482
20,47,0.22957801542758294
20,49,-0.12372327696214556
20,52,-0.16600335583155437
20,53,0.05516089581467528
20,55,-0.16994677185945517
20,56,0.11982935982346146
20,58,0.057727467825427016
21,0,-0.12736135375203472
21,1,-0.07526245408930186
21,2,0.09972203930535205
21,3,0.0677874235876052
21,4,0.08257418326893216
21,5,0.10151478262213175
21,6,0.09131092844681962
21,8,0.2028394839128439
21,9,0.11867156881629544
21,10,-0.2614199871114525
21,11,-0.09397389717369775
21,12,0.10311166716229223
21,13,0.2535763912836476
21,16,0.22283470529123614
21,18,0.2737114139828444
21,21,0.10571883941121885
21,22,0.10785266578569586
21,23,-0.1110070009293877
21,24,-0.25739694186422574
21,26,0.10350386154477692
21,27,0.061825034886718123
21,29,0.22534993141885537
21,31,-0.11528588174039385
21,33,0.09840387717623586
21,34,-0.15103229235918153
21,37,0.11244448365490149
21,38,0.1307147806262356
21,40,0.09933012134104074
21,41,0.06175900487643986
21,42,0.07919097625882983
21,43,0.13248599067075306
21,44,-0.11587952918113165
21,45,0.16128124720440457
21,47,0.09873998725864697
21,52,-0.15199576356557087
21,53,-0.19749817505302145
21,55,-0.06311576301053597
21,57,0.05944054815446108
21,58,-0.14048995822124385
21,59,-0.18788139882408117
21,60,-0.1739388746063687
21,61,-0.2021733331021779
21,62,-0.21451793054880863
21,63,-0.14615336298929993
22,0,0.12456604359856449
22,1,-0.13967990610042263
22,4,0.08505315953835332
22,8,-0.1372551471571709
22,9,-0.0564462790186047
22,11,-0.098456746314506
22,13,-0.150579844923675
22,14,0.13634579334697403
22,15,0.27759295658548655
22,16,0.24667107440995947
22,17,0.12979861135583967
22,18,-0.10023259250562475
22,19,-0.12388967963726794
22,20,0.2525111370556112
22,21,-0.05025586855266567
22,22,-0.07858307213790383
22,23,0.07706723464408483
22,24,-0.13413758461471312
22,25,0.06915246725858085
22,26,0.2502929417836374
22,28,0.12303882656885606
22,29,-0.0631981112795496
22,30,0.3014383545365956
22,31,-0.12334894205802005
22,32,0.21035333732483688
22,34,0.11798208048442282
22,35,-0.11919158381615147
22,36,0.10557534573183507
22,37,0.06953520745002392
22,39,0.248763788464191
22,41,-0.1703522402945146
22,43,0.13731378760694912
22,45,-0.18401096637591932
22,46,-0.058175832947136547
22,50,-0.15642715756718195
22,52,0.21411688918506286
22,53,0.15713539776186436
22,54,-0.13223318907093226
22,58,-0.14355614263463085
22,61,-0.12053780161646555
22,62,-0.10474929259805203
22,63,0.06829237266065093
23,1,0.18922205306277678
23,2,-0.06666423573316911
23,5,-0.13544019010143935
23,6,-0.22299027780396366
23,7,0.09043271053147843
23,8,-0.058733157953024556
23,9,0.1373532068025085
23,10,-0.07831636590634398
23,12,-0.15191272773694206
23,14,0.2114959390276613
23,15,0.09023643100045681
23,18,-0.08724731030738508
23,22,-0.3184539674437667
23,23,-0.17353932574169298
23,24,-0.0710142732598527
23,27,0.1872807483408183
23,28,-0.23792822140332412
23,30,0.1778289381682333
23,31,0.10099334394389137
23,32,-0.1846034288748758
23,33,-0.09109821418306521
23,34,0.12436591489468131
23,35,0.13287966393186748
23,37,0.2600980942584659
23,39,0.06339737184544665
23,40,0.1682544888514732
23,42,-0.12093811788319814
23,44,-0.18670464151833682
23,45,0.056363054895063
23,46,0.05540618886872826
23,47,0.06672274920577834
23,48,0.05931103024857669
23,49,0.07586633470964217
23,50,-0.050589796256311215
23,51,-0.31862755536759924
23,52,-0.1896745441123075
23,53,-0.16986889162099114
23,55,-0.10711672043820619
23,56,-0.07633284214424656
23,57,0.05458106635569719
23,60,-0.07231672344923878
23,61,0.1840675701571137
24,0,0.07274591525816118
24,1,-0.11524049483034485
24,2,-0.060806448583039595
24,4,-0.20752327615975324
24,5,0.07762313225735924
24,6,-0.20241416979781607
24,7,0.1603602260455778
24,8,-0.22326598769646835
24,9,-0.10512832837829257
24,10,0.11391126532743898
24,15,0.12942421839584645
24,16,-0.054434836531656414
24,17,-0.16130835056394194
24,19,0.11469823275263097
24,20,0.1564335454371973
24,21,0.06591270554649525
24,24,-0.25595137168439946
24,27,-0.14672180243784833
24,28,-0.09803864092769922
24,31,-0.30767695059107725
24,35,0.07370689875638423
24,37,-0.12634168899713447
24,39,-0.22555840066897936
24,40,-0.09669828035163298
24,41,-0.05806307925585071
24,42,0.2700601765334665
24,43,0.09942408996779778
24,47,-0.11878878764046043
24,48,0.11140106507651444
24,49,-0.14385213210639688
24,51,-0.2050053160477919
24,52,-0.133690599632893
24,53,-0.12370144488832058
24,54,0.11754208444337422
24,55,0.13285315445226364
24,56,-0.13559083450581033
24,57,-0.08169118137761251
24,58,0.2501900335956682
24,59,-0.15536773053692268
24,61,-0.1827565883905035
24,62,-0.07795536931550899
24,63,0.14603547821238316
25,0,-0.06215079587298126
25,2,-0.17540631881929578
25,3,0.07028336541626033
25,4,-0.16297045882928904
25,7,-0.08058195801722068
25,8,0.21648965780523724
25,11,0.11583236759715596
25,13,0.2676129372608153
25,14,0.12472206851027773
25,17,-0.1839306753742584
25,18,-0.07929904868544654
25,19,-0.1260182410711176
25,20,0.11163929316458823
25,21,-0.1534676019321865
25,22,-0.06775944509516699
25,23,0.22478193818711845
25,26,-0.13908376662750846
25,30,-0.15861564840217218
25,31,0.08739111253772291
25,32,-0.08367825246510685
25,33,0.17999349886084623
25,34,0.29174399117649835
25,36,0.23455168789094827
25,38,0.23570381393375914
25,39,0.12975471488121496
25,40,-0.26644446904588703
25,43,0.14794761851437332
25,45,-0.10182140157425211
25,46,0.06731912504389545
25,49,-0.18769880419745538
25,50,0.12605598159095688
25,51,-0.11606243429763113
25,52,-0.13514671085515856
25,53,0.15346421908969754
25,54,-0.2326259685554068
25,55,-0.11956337835311542
25,56,0.08013111191949543
25,59,-0.1249890225269146
25,63,0.05796523667693912
26,3,-0.0728946673718359
26,4,0.17287898248073236
26,5,-0.13165782195961337
26,8,0.15628790653495472
26,9,-0.11913872632339942
26,10,-0.07642228984388223
26,12,0.0556814758891213
26,13,-0.08934470355339234
26,14,0.241644582604313
26,15,-0.055721125997677146
26,16,-0.1595594042721073
26,17,0.07818095003073858
26,18,0.10048776529627351
26,21,-0.12131298777016603
26,23,0.2438910684632595
26,25,0.13996803255231138
26,26,-0.14151007870536292
26,28,-0.13235684599786476
26,30,-0.14097705899475638
26,31,-0.35187168853603934
26,33,-0.20493549857480398
26,36,0.09498605847635358
26,37,0.06562553626307524
26,38,-0.18620207262551708
26,39,-0.2223733928071311
26,41,0.11260519554443355
26,42,-0.13954467593782577
26,43,0.10821065922809746
26,44,-0.06528810215019842
26,47,-0.10228212620753116
26,48,0.12432735822013699
26,49,-0.05935167049769571
26,50,-0.0947594951051148
26,52,0.166423605540912
26,53,0.17279790269045442
26,57,0.2178827284514354
26,58,-0.06644292407537086
26,59,-0.15230639535579682
26,60,-0.06357913532810233
26,61,0.21705508648051236
26,62,-0.25692399770425217
26,63,-0.15408615572063364
27,0,0.050673447976390236
27,2,-0.20827504174091546
27,3,0.19528144027670258
27,4,-0.1134020093733455
27,5,-0.0664434845394318
27,6,-0.09686728181252763
27,8,0.1356341491655769
27,9,0.4020900662741803
27,11,-0.14276799253474015
27,12,-0.08331173926496957
27,13,-0.05295326711962163
27,15,0.07484146989245083
27,16,-0.19319783926226972
27,19,0.12776191795170522
27,20,0.059430676145846226
27,21,-0.06572963497432578
27,22,0.21383704752934588
27,23,0.17490471613375613
27,26,0.2124156136308865
27,28,0.08619952785527336
27,29,-0.20927560826527636
27,32,-0.1694512936069584
27,33,-0.06566754219340437
27,34,-0.14775072507193196
27,36,-0.056783796586169055
27,38,0.26945384729450406
27,39,-0.07025315502350435
27,40,0.19332988440808146
27,41,0.09558730998573284
27,44,0.0778393925627976
27,45,-0.1928834075839544
27,46,0.050395600538315946
27,47,-0.07501142023791299
27,48,-0.10174391273061155
27,50,0.13256735255299243
27,51,-0.16286227206302595
27,52,0.10875790231332874
27,54,0.10005947669050158
27,55,0.14883020865466656
27,56,0.16628813175573284
27,58,-0.13453829314666868
27,60,-0.12641247397011054
27,61,0.1366606766913148
27,62,-0.09598623940856475
28,0,-0.25853669070746405
28,1,-0.15983283744473892
28,2,-0.1641822962387086
28,3,-0.06997878791184489
28,5,0.12082058675734303
28,7,0.1527403133881996
28,8,-0.15235821030320848
28,10,-0.1645490668435819
28,11,0.0958841265749596
28,13,-0.23449637955793529
28,15,-0.2293840121083407
28,19,0.15915279634980437
28,20,0.196386326873507
28,21,-0.12044146828509603
28,22,0.1483590589990339
28,23,0.1710365497785446
28,24,0.13839873566376595
28,25,-0.18035599703049077
28,28,-0.18397631329075456
28,31,0.068929071390406
28,33,-0.13128301217388583
28,34,-0.13574085028643615
28,35,-0.12070122333702243
28,36,-0.15617879687178193
28,37,-0.0695974952184137
28,38,0.07923635658278866
28,39,0.27065597610441866
28,40,-0.06431346318449097
28,41,-0.07872415645020445
28,44,-0.24461032168507116
28,45,0.061920714308524034
28,47,0.13136786109541995
28,49,-0.16335939538229519
28,50,-0.07419487454780899
28,52,-0.1120129689595109
28,54,0.16991994372124586
28,55,-0.056209902892607536
28,56,-0.14757132633776004
28,57,0.14960855365749026
28,58,-0.09354789340182437
28,59,0.0896493980549008
28,60,-0.06286584610251947
28,61,0.08385795317400739
28,62,-0.051886054570893674
28,63,0.1671808455186259
29,1,0.05948064468728599
29,2,-0.25280711992247384
29,4,0.12512028295057104
29,5,0.12658373679348858
29,7,0.09423871676881698
29,8,0.12893352663771418
29,9,-0.05675068649588713
29,10,-0.16766897101004768
29,11,-0.13948650663654094
29,12,0.10610047500593311
29,13,-0.14330589162700128
29,16,0.12674437234212152
29,17,-0.22159938845056362
29,18,0.10088769831218083
29,19,-0.059901241079909726
29,20,-0.11089098110670337
29,22,-0.15017496831632637
29,23,-0.22094759047171386
29,24,0.12381134431289753
29,25,-0.23041720081743022
29,26,0.11677661170829602
29,27,0.12043196020973485
29,28,0.11209366287136552
29,29,-0.13210947237487608
29,31,-0.21036752808616294
29,32,-0.1933108154722053
29,33,0.053792008706608385
29,35,0.12620478077789266
29,36,0.11462176937961087
29,37,-0.18787681522495578
29,38,-0.18577891033127458
29,40,-0.19802882200867583
29,41,0.056798736722430326
29,42,-0.13403479113619562
29,43,-0.10131573452539934
29,46,0.0841124915448736
29,48,-0.2288803900034343
29,50,-0.18589987621473017
29,51,-0.14184415262080186
29,52,0.08202608203373978
29,55,0.08734214741500926
29,56,0.07837759262644171
29,57,-0.18477590139937422
29,60,0.08520176027905264
29,62,-0.23685742251891695
30,0,0.18977225901161296
30,2,0.09093570921346883
30,4,0.09293882152911934
30,5,0.08140905923929781
30,6,-0.05427815436980818
30,7,-0.0955528446334098
30,8,-0.2588048331065462
30,9,0.17526056917024402
30,10,-0.08466741580112151
30,11,0.08269943467998195
30,13,-0.06653169101686301
30,15,0.07389691113544908
30,17,-0.05849197334853773
30,18,0.07533057878190781
30,19,-0.1561327430535375
30,20,0.058698894160360865
30,21,-0.10419726062816964
30,22,-0.12200974752966898
30,23,0.16120917021712955
30,24,-0.2061159921818509
30,25,-0.3437972674614063
30,27,-0.214981482299146
30,28,-0.08371385034377976
30,30,0.13917477312068882
30,31,0.13923140441064863
30,32,-0.10233850823757949
30,33,0.08344382167022732
30,34,-0.07855152812846591
30,35,-0.05508945484115543
30,38,-0.09877446409725851
30,39,-0.19891797999902627
30,40,-0.2017302181212267
30,41,0.10331441566752654
30,42,-0.2523114978440827
30,43,-0.09341742784331941
30,44,0.12476306058619376
30,48,-0.1674597962828866
30,49,0.05937900141577949
30,51,0.1352160039460124
30,52,-0.24045134765783147
30,54,0.05140275037255022
30,56,0.08650786239189728
30,57,0.31428412881499196
30,58,-0.06299304297152847
30,60,-0.051744647566166785
30,61,-0.0975419453802358
30,63,-0.09635769365557895
31,0,0.10191678223711709
31,1,0.19500007676253472
31,2,-0.13096868960795943
31,3,-0.06440679534368392
31,5,0.08001649312708088
31,6,-0.2732476686363809
31,7,0.05809702525280898
31,8,0.16537549996977857
31,9,0.1730118093799664
31,10,0.06326358504179294
31,11,0.09938831429913622
31,12,0.12580059731147925
31,13,0.0569336774992777
31,15,0.1094863321683038
31,16,-0.07555330520354067
31,18,-0.08415924589362513
31,19,-0.17425507303058538
31,20,0.1906681067799913
31,21,0.12094658775694139
31,22,0.0880409717708079
31,23,-0.05466106867243359
31,24,0.056593553696809115
31,25,0.057309407249543615
31,26,0.1263221500661995
31,27,0.21957064146556282
31,28,0.10562320023709089
31,29,0.15363016040712912
31,30,0.1167005264930342
31,31,-0.056826693574991205
31,32,-0.05982372036704417
31,33,-0.17823221022526275
31,35,-0.33030555646202225
31,36,-0.06596492426617634
31,39,-0.09139139298792595
31,40,-0.09745113721305486
31,42,-0.08459065060186037
31,43,-0.09996530343847557
31,44,-0.11395265864053339
31,45,0.15060275750129382
31,46,0.1409473253761099
31,47,0.08604752237339931
31,49,-0.18816694872518158
31,51,0.29416455050016643
31,52,-0.09147711011875412
31,53,0.16062908240794815
31,54,0.05985877842563596
31,57,-0.09785558350360726
31,58,0.2462080887103597
31,59,-0.13603706432192822
31,60,0.052078858997841135
31,62,0.08603883905814697
32,0,-0.08589143381857102
32,4,-0.15424537466621926
32,5,-0.1293417818430632
32,6,0.18243096661221786
32,7,-0.05419381976930161
32,10,-0.1300649238915815
32,12,-0.050239679483739114
32,13,0.2936619626455197
32,14,-0.0935429255878178
32,15,0.26200629690467303
32,16,-0.15752450638209198
32,17,0.11612899407792729
32,21,0.08168514682803876
32,23,0.125814264350307
32,24,0.055197644985835445
32,25,-0.24490537885828317
32,27,0.08232615945660973
32,28,-0.08303849193213061
32,29,-0.13976352964782035
32,30,0.1689043811683493
32,32,-0.096154321407425
32,33,-0.05882433840721388
32,37,-0.11580509828747906
32,38,-0.16689184737944382
32,39,-0.14538442984731192
32,40,0.11338392957545108
32,42,0.1571336471318884
32,43,-0.08072525684285894
32,44,-0.18302666895283878
32,47,0.16006850784366178
32,48,-0.054738907701330754
32,49,0.18085768183616388
32,52,0.08325285707696803
32,53,0.26341164656841953
32,55,-0.2951196995415877
32,56,-0.267094534265503
32,60,0.16755548544848767
32,61,-0.19119447736344805
32,62,-0.08320011775508321
32,63,0.09320804598664566
33,0,-0.1213488017303386
33,1,-0.09266658408028511
33,2,-0.06997605992922365
33,3,-0.28994766607866235
33,4,-0.07586016554255909
33,6,0.06330276467203257
33,7,-0.15104820484822845
33,8,0.14441556551562498
33,13,-0.11631885552618772
33,16,-0.09336549122853183
33,17,-0.23935733898677924
33,18,0.0580765007561618
33,19,0.06673032869214587
33,21,0.3165863903411257
33,22,0.156270577496525
33,23,0.07840855527052115
33,24,-0.07379907709787109
33,25,0.13593155297232093
33,26,0.15094867341024243
33,28,0.11801530517551793
33,31,0.0921564049751426
33,32,-0.07602189910796145
33,33,-0.3258401971916033
33,34,-0.058886979780837415
33,36,0.19703593262706237
33,38,-0.0680501477304932
33,41,0.0568424834372703
33,42,-0.16147903426502408
33,43,0.08859718757741503
33,45,-0.16401974478019613
33,46,-0.22460390330855745
33,48,-0.07742433781784641
33,50,-0.18270333781925532
33,51,-0.1779200640616071
33,52,-0.11701952203490339
33,53,-0.058769450499810194
33,54,-0.10123379562471793
33,57,0.18412196009513737
33,60,0.08391229944103598
33,61,-0.17710464594183187
33,62,0.28915810374358525
34,0,-0.06878713721232156
34,2,-0.23608644301556578
34,3,-0.07996155694651935
34,5,0.09258182339112488
34,6,0.1604746736892159
34,7,0.11346835902080536
34,9,0.09996768862321286
34,10,0.20885173278388783
34,12,0.0937531021360262
34,14,0.055247846141580556
34,18,-0.06833122107708045
34,19,-0.05443532194092511
34,20,0.05989913637080825
34,21,0.30301501598239877
34,22,0.0909826365041061
34,25,0.07487393261675872
34,26,-0.2737249629052347
34,27,-0.19777815795312426
34,28,-0.08645790822846333
34,29,-0.17024132302134717
34,30,0.32103206787527355
34,31,0.1385221802889966
34,32,0.0697219486281499
34,35,0.13425637323077408
34,37,-0.053118309490321675
34,41,0.1792412096907962
34,42,0.16117942077642788
34,43,-0.10975293632925986
34,44,0.17400226376856454
34,46,0.1820263749889469
34,48,0.06037662890943063
34,49,-0.08010395370329304
34,50,-0.2317492267021058
34,51,0.17929126439248927
34,53,-0.10186020925887099
34,55,-0.21897419600715232
34,58,-0.18462627525161507
34,59,-0.09915930726682995
34,60,-0.12987557566095112
34,61,0.11157980689110661
34,62,-0.11381854411844004
34,63,-0.11683851685131015
35,0,-0.07071922094970806
35,1,0.1194936853979296
35,2,0.06308185560794381
35,4,0.06186057102866073
35,5,-0.08157948865606587
35,6,-0.09346941506603726
35,7,-0.08571145764459771
35,8,-0.14307294908392482
35,10,-0.2432605810614481
35,13,-0.11511894534471383
35,15,-0.0684962837038502
35,16,-0.1413520205170461
35,18,0.2494262963012933
35,19,-0.0549061259816874
35,20,0.2542145290725061
35,23,-0.061252436491983545
35,25,0.07867936918936722
35,26,0.06332077952460372
35,28,-0.06662920090701624
35,32,-0.10705165049798457
35,34,-0.07378471343030127
35,35,0.2840038439204442
35,36,-0.11536463663894286
35,39,-0.18356311634721645
35,40,-0.1804196169932034
35,42,0.08509871765829156
35,43,0.19889724225106648
35,44,-0.05063561984834158
35,46,0.1000295747430366
35,47,0.05573574954516612
35,48,0.07787228415285818
35,49,-0.08392030338912643
35,50,0.12107520827684458
35,51,0.17814014358952335
35,52,0.29260870085195545
35,53,-0.08370782731628659
35,54,-0.27607217688148655
35,55,-0.1732420478408656
35,56,0.22359735070969858
35,57,-0.13780442032099505
35,58,-0.09202778375888629
35,62,0.2301876401756617
35,63,0.21567159236194605
36,0,0.05681402433290001
36,1,0.09417060865508232
36,2,0.13190766653893346
36,3,-0.15620210323675013
36,5,-0.08443563670626134
36,6,-0.10524222496630478
36,7,-0.11731329869663498
36,8,0.061507778546519225
36,9,-0.10188182340016372
36,12,0.11691973416956568
36,13,0.13482833469538186
36,14,0.21890773003319222
36,15,0.14092311880499123
36,17,-0.27583781847661176
36,19,0.2652802525871887
36,20,0.09985248140863237
36,22,0.10365386732839683
36,23,0.11174889782628128
36,24,0.10222376751800427
36,26,-0.06476926652128329
36,29,-0.17981360948538902
36,31,-0.11522598230495404
36,32,-0.13253036880065633
36,33,0.0754187321526198
36,36,-0.08426538870222573
36,39,0.18035951452787025
36,40,0.18923930399867137
36,41,-0.31093708751478566
36,42,-0.12615038446362986
36,43,0.07613197803498269
36,44,0.14089393980553752
36,45,0.052970561376825834
36,48,-0.23232844674707984
36,49,0.07636053709011134
36,50,0.07888831788406353
36,51,0.3297794475364422
36,52,-0.09115470670711225
36,53,-0.2703134516260312
36,54,0.06561856061227679
36,55,-0.12055128223333211
36,57,-0.08962365161820118
36,60,-0.05655759122280365
36,62,-0.11412829226301298
37,1,-0.11288932868305901
37,3,0.1421036680040723
37,4,0.07343870416692665
37,5,0.08659743768404231
37,6,-0.18172096269351423
37,7,0.18185332689730446
37,8,0.05947694091753202
37,12,0.11494292789033912
37,15,0.06258055259650357
37,16,0.13935717251069377
37,17,0.12427175984753279
37,18,-0.05081296292408306
37,19,-0.09656645994048813
37,20,-0.1059846283457897
37,21,0.10091355220129458
37,23,0.06189982473490739
37,25,0.050457242625485746
37,26,0.22858536710707666
37,27,0.0744628162946525
37,29,-0.07828663962064014
37,30,-0.23940912646890256
37,31,0.1430019189200671
37,32,-0.12043048949802407
37,33,-0.07032871123407636
37,34,0.11541754954621
37,35,0.16630608975048689
37,36,0.1972876972249142
37,37,0.15505043100934515
37,38,0.05740983199670312
37,39,-0.11109993784173626
37,40,-0.10376195203323314
37,41,-0.22833861791296262
37,42,0.25370980260592246
37,44,0.1343119898641755
37,45,0.23553888136905046
37,46,-0.08189890999928771
37,47,-0.17029766761761317
37,48,-0.15143609892194965
37,49,0.09688371272489085
37,50,-0.06789625677890361
37,51,0.13553870064316154
37,52,0.11867310235639154
37,53,-0.053871012607627125
37,54,0.2005052187743013
37,55,-0.1717159945771243
37,56,-0.11982721545898048
37,57,0.23872038497992612
37,58,-0.13491451391346823
37,60,0.09700129873912447
37,62,0.09863793465859219
37,63,0.11372974870617095
38,0,0.07876059195168776
38,2,-0.08578591631656772
38,3,0.10899041485671154
38,4,-0.07677789492429136
38,5,-0.1798355457765983
38,6,0.14299363243676855
38,7,0.19265634045739596
38,8,-0.09113646143803175
38,9,-0.17404844126389998
38,12,0.10878342303236022
38,13,-0.15039565564606494
38,15,0.07070794788533412
38,17,0.19150792135014136
38,18,0.12467618166558339
38,19,-0.09711435436299386
38,22,-0.10179235039117299
38,24,-0.085890147895445
38,25,0.25150129689201633
38,26,-0.06345000057573734
38,29,-0.16267875315698613
38,30,-0.16380766493697824
38,32,0.07339614342707221
38,34,-0.3323149038860689
38,35,-0.08419064994729557
38,36,0.19577518228330915
38,37,-0.11277931180200285
38,38,0.23852695977549176
38,40,0.11302192285504431
38,42,-0.1947741299093411
38,43,-0.1152318543301141
38,44,0.10380167543736281
38,46,0.08661052510837466
38,47,0.11179612025575156
38,48,-0.23917110910451156
38,49,-0.09809166344461279
38,50,0.13011937034294202
38,52,-0.074875214868159
38,53,-0.13092222375481558
38,54,-0.1901350290379557
38,55,-0.22436314819044406
38,56,-0.07550621330256524
38,58,0.2392326103479588
38,61,-0.0521504446907641
38,63,0.05159499953448635
39,1,0.08662380111332244
39,2,-0.18839906931552952
39,3,0.09383110975202853
39,6,-0.0553031076912875
39,8,-0.06438235704026725
39,10,-0.06476124999093702
39,11,0.20980465932938006
39,12,0.13738662648783712
39,13,0.11529260490513873
39,14,0.07782533464853102
39,15,0.08500984783286433
39,21,0.19432123482171867
39,22,-0.1129595653467032
39,23,0.16097496739476033
39,25,-0.07024294598189547
39,26,-0.1878083469221428
39,27,0.05074397143629361
39,29,0.10063439002607173
39,31,0.1571646846731009
39,32,0.22923920056306157
39,33,-0.15018156735904856
39,34,-0.0554635422022775
39,35,-0.05266661543109889
39,36,0.12763753591773683
39,37,0.1543205462942592
39,38,-0.11778616171111925
39,41,0.14987415158038145
39,42,-0.05792629160257695
39,44,-0.16786652590684645
39,45,0.05620693149104439
39,47,-0.16715487796530526
39,48,-0.15318537313928385
39,49,-0.08060752302238394
39,50,0.17347733272850235
39,52,0.1635625368030393
39,53,-0.21356094471530718
39,55,0.3723110154306883
39,56,-0.14062514269202842
39,57,-0.14294238934307774
39,58,-0.26994320564716084
39,59,0.1464340260334316
39,60,0.1294693757753002
39,61,-0.13215012533666354
39,62,-0.07657327570416818
39,63,0.10506466017535857
40,2,-0.09439564448145824
40,3,0.0697194990131661
40,4,0.17012683115345667
40,7,0.09588403934712188
40,9,-0.1108916602860098
40,11,0.20641964923246814
40,12,-0.06211215796164547
40,14,-0.06332721558435896
40,15,0.2291533453667866
40,16,0.09739460750582951
40,18,0.12418264412035007
40,19,0.17059365171968877
40,20,0.062495505043803634
40,21,-0.133813880343323
40,24,-0.05602466484907631
40,26,-0.12180370688799932
40,28,0.2996993724741701
40,29,-0.07533961657202072
40,32,-0.11180726343527017
40,33,-0.10438021674262596
40,34,0.07912866433248038
40,35,-0.12378091323865269
40,36,-0.050435766402947314
40,37,-0.29535100117607505
40,38,0.10007970172564368
40,39,-0.08254859973891106
40,41,0.11410639257142703
40,43,0.2445052344023755
40,44,0.06811129789808162
40,45,0.3916428533542369
40,48,0.09283968542605983
40,49,0.23897892484923133
40,51,-0.09415750746106333
40,53,0.13307717650302647
40,54,-0.13980015370625337
40,56,-0.06308650462928568
40,58,-0.16077906712403744
40,59,0.1976395856051207
40,60,-0.14985295337303448
40,61,0.06982509100330857
40,62,0.1626075709858148
40,63,-0.10185594712918072
41,0,0.08055722305140962
41,1,0.09048751308648983
41,2,-0.10668510183073542
41,3,-0.1380412465408519
41,4,-0.21000801483384632
41,5,-0.1168964418854826
41,6,0.10288068599136245
41,7,-0.10237886388420966
41,10,-0.23908648103248897
41,11,-0.1292403848789963
41,12,0.19926499759652044
41,13,-0.22260051016679422
41,14,-0.24826659492076095
41,15,-0.11272136212112813
41,16,-0.10437269088670997
41,18,-0.1731716506529616
41,19,-0.2128823092019976
41,20,-0.08854846402780303
41,21,0.06115686347910339
41,22,0.07242441230504565
41,24,-0.2543551231162148
41,25,-0.12781302956047536
41,26,-0.07888628135830372
41,27,0.1538007758235478
41,28,0.08695111459338482
41,30,-0.05741058512746329
41,31,0.084482499782743
41,32,0.09327955926179651
41,33,-0.12623097126641045
41,34,0.287526772098968
41,36,-0.18881548726645134
41,38,0.06289491574307346
41,41,-0.09731164454024581
41,42,-0.1371423078244632
41,43,0.1468751658812778
41,44,0.06077165108825472
41,45,0.12743901145063266
41,46,0.07030231355008676
41,47,-0.15567998588387366
41,48,0.054438280224577584
41,49,0.16617151286708348
41,55,-0.06753354522834182
41,58,0.0620126304751413
41,60,-0.23524219330198137
41,61,-0.06477805369757578
41,62,-0.20151861225878323
41,63,0.09646746008405166
42,0,-0.05447352253986223
42,1,0.10159550216916971
42,2,0.1096391709867436
42,4,-0.14596649677846252
42,5,0.24861423950948605
42,6,-0.17262849748606968
42,10,-0.08428829039464965
42,11,-0.08896331894763063
42,12,-0.10856434849270984
42,13,0.15659624642149136
42,14,0.08492254928907336
42,15,-0.12120814382312875
42,16,0.25747899895019116
42,17,-0.05682567104161519
42,19,-0.06368014000089717
42,21,-0.07658421684203848
42,22,-0.07718870084593228
42,23,0.23387661200514537
42,25,-0.12099801573023578
42,26,0.05976052868620229
42,29,-0.14774715122442633
42,31,0.29342624407729406
42,32,0.14023291630874285
42,33,-0.21654219298753363
42,34,-0.19290667266215494
42,35,0.1743362344244862
42,36,0.07022521357590675
42,38,-0.07342835392847931
42,40,0.2202439294654696
42,41,0.10038881536320707
42,42,-0.06926042278066605
42,43,0.1486573989397547
42,44,0.1782635104427081
42,45,0.1183120536698316
42,47,0.06106691986411694
42,48,0.10417735614035688
42,52,0.16307554791949738
42,53,0.16057516086841273
42,54,0.09362049898419106
42,57,-0.19037080935534034
42,58,0.29739951149885213
42,59,-0.11568895479287503
42,60,-0.09620021493802827
42,61,0.06619794956017469
43,1,-0.07109007176073737
43,3,0.1921837168692058
43,4,-0.08315633648067068
43,5,0.11076787179254256
43,6,-0.07532235470378863
43,8,-0.23557642635326403
43,10,-0.25324172179098614
43,11,0.2290995005179958
43,12,0.18442836871640023
43,13,-0.0638442810985104
43,14,-0.11913383904086916
43,16,0.07090485180204288
43,17,-0.18014546161611888
43,18,0.053927410310227054
43,19,0.07488868753883808
43,20,0.07929765875806123
43,22,0.14069106528689304
43,23,-0.1437476887742163
43,25,0.1031418637955009
43,26,-0.17987401142635034
43,27,-0.05386614948227779
43,28,0.05624529136304225
43,30,0.08486958221754931
43,31,0.062027283343206875
43,34,0.1711269492960228
43,35,-0.13550062553937517
43,36,0.18042088553970997
43,37,-0.06249980847479614
43,38,-0.051572272620761084
43,40,0.1784778656801881
43,41,-0.10917670051079748
43,43,-0.07063897230418599
43,44,-0.11428205298911082
43,45,-0.06517231127839355
43,49,0.13943418880626246
43,50,0.13800215260796828
43,51,-0.155729759501138
43,52,0.16930261991954804
43,54,0.1845706125073181
43,55,-0.15908032050791784
43,56,0.26331793640501705
43,58,0.06542751633322237
43,59,-0.29239693048398396
43,60,0.1804088544397957
43,61,0.1855203615218186
43,63,-0.08123574140474767
44,1,-0.19661431053640854
44,2,-0.1619406499705186
44,3,-0.16455148486036197
44,5,0.2138836059199855
44,6,-0.18884267352100467
44,7,-0.10496045329967887
44,8,-0.06626434317773489
44,9,0.07407274780746488
44,11,0.14314206443328287
44,13,0.13929896765009253
44,14,-0.07028020521773613
44,15,0.10771906155435305
44,16,0.139907429080564
44,17,0.13553940822003496
44,19,-0.15093223934464323
44,20,-0.2392862113427306
44,21,0.08598862766268574
44,22,0.10356375767681916
44,23,-0.12486505599471365
44,24,0.1695058449029978
44,26,-0.19913554584567883
44,28,-0.23649984416813427
44,29,-0.10996647304197407
44,31,-0.07383362145637858
44,32,-0.07759032561449966
44,34,-0.05654716637056005
44,35,-0.06731407545334683
44,36,-0.26508859793398476
44,37,0.09598916575024985
44,38,0.07686214896391111
44,39,-0.16500022903011682
44,41,-0.2301107527863926
44,42,-0.11132324627725189
44,43,0.07327159344049798
44,44,0.16921467174894433
44,46,-0.24405151054698618
44,47,0.15167345313449437
44,49,-0.10461357286170497
44,50,0.09162411893304306
44,51,-0.13000399384920397
44,52,0.1313129190881284
44,54,-0.24101206419636137
44,55,0.0513511253699952
44,59,0.08911253453993767
44,60,-0.05859617696371408
44,62,-0.08334246379921054
44,63,-0.06423845288225727
45,0,-0.2155809310701329
45,1,-0.059077852417882146
45,2,-0.15253246454742303
45,3,0.1270972522501264
45,4,0.12685305668847144
45,5,0.12907443236085941
45,7,-0.05479537948635209
45,8,0.090327616177808
45,11,-0.05976592465167871
45,12,-0.07515311200525981
45,13,-0.07034958897167509
45,14,0.19674072038290463
45,16,-0.07592806475764034
45,17,-0.06528643566458993
45,18,0.10777278704490172
45,22,-0.18741837104007641
45,23,-0.19801275674384322
45,24,-0.13621112541787486
45,26,-0.12691555569684254
45,27,-0.06728690791217287
45,28,0.05923108563360971
45,29,-0.20002428896649374
45,33,-0.12454431867669502
45,35,0.0945543038222271
45,36,-0.12601462920196868
45,38,0.28040326719518427
45,39,0.10019313700545039
45,43,-0.14646348009897028
45,44,-0.22090945260357514
45,45,-0.13842290037450478
45,46,-0.14888831514758666
45,47,-0.12776384466288285
45,49,0.3157592141491914
45,50,0.15812402925524632
45,51,0.31781769924179204
45,52,0.05480692456084075
45,53,0.10511879393526416
45,55,0.16277221401694403
45,56,-0.0830674198501656
45,57,0.12752940287573938
45,58,0.19534612204430457
45,59,-0.0973905698722487
45,61,-0.15098175319621432
45,63,-0.05785656378076126
46,1,-0.1608207801359227
46,2,-0.05150530916586218
46,3,-0.1946777308336554
46,4,0.18205645960253009
46,5,-0.23763464843249837
46,6,0.10456099114774459
46,7,-0.0731881903728496
46,8,-0.06952566538766655
46,9,0.14401298486947411
46,11,-0.1360351702625218
46,13,0.05811710030395917
46,14,0.07998378576519717
46,16,0.1388354528135017
46,17,0.20697954714513017
46,18,-0.12093385068691143
46,19,0.28245781836051215
46,20,0.2146509228525613
46,23,-0.08308208152966001
46,24,0.20608510536211808
46,26,-0.061365516269515114
46,31,0.10041640415038001
46,32,0.13787502851870984
46,34,0.058531916973116854
46,35,0.0674821709198817
46,36,0.06076887720931163
46,38,0.19732152088142885
46,39,-0.16938561441598854
46,40,-0.31515301978720056
46,41,0.1783787511310641
46,42,-0.09439379744606227
46,43,0.11927153823016011
46,45,0.0910256013008201
46,46,-0.18512726931277795
46,48,-0.16559434901874967
46,49,0.1086275573093733
46,50,0.052856991553424826
46,51,-0.08028657084697491
46,52,0.07275613826734909
46,54,0.22747849415872337
46,57,-0.16222169919149068
46,58,0.1847947817644897
46,59,-0.1163826867000485
46,61,-0.08972393514399238
46,62,-0.07033480321059153
46,63,-0.06845755333586549
47,0,-0.05313382753353286
47,1,-0.09588629550140529
47,2,-0.13078583470394686
47,3,0.062334115895054776
47,4,0.06671304015165522
47,6,0.20770584888644214
47,7,-0.23208206091036238
47,8,-0.0970921911630743
47,11,0.12078053594147423
47,12,-0.10763574672699637
47,14,0.431085757944466
47,15,-0.06780600562028993
47,16,-0.09224416846246408
47,17,0.06936337182609766
47,18,0.06481619992563435
47,19,-0.14031733873771823
47,20,-0.19621249635163654
47,21,-0.13373119552915722
47,22,0.19237982249411523
47,24,-0.1471304976173357
47,27,0.17536796426924706
47,28,0.11043129091167311
47,29,-0.07428097368833476
47,30,0.07117329375228834
47,32,0.1656594706639615
47,35,0.05146489062847151
47,36,-0.16225373578085323
47,38,-0.08953660185476459
47,39,-0.05549625872166147
47,41,-0.2219016891877408
47,45,0.13433581906337
47,46,0.256487077895476
47,48,-0.22125325299814586
47,51,-0.1896767032009107
47,54,0.09538385751981736
47,57,-0.11887625795883686
47,59,-0.21934090478359017
47,62,0.22533514595842108
47,63,-0.07449637295211375
48,0,-0.09848198918354818
48,1,-0.15610827669968064
48,2,-0.14806980008216541
48,4,0.1541503109705045
48,6,-0.10509746786305883
48,7,-0.13312640297304512
48,8,0.11764822452242368
48,9,-0.14149624782111825
48,12,-0.1002735160196206
48,14,-0.19353307760134708
48,15,-0.05618431876019341
48,16,-0.07698864109302406
48,17,0.16508246654059855
48,18,-0.23032439853942965
48,20,-0.13117106146795837
48,22,-0.12890124598240707
48,25,0.06176713465393889
48,27,-0.28092000769971204
48,28,-0.06057977784522332
48,30,0.10979043901076728
48,31,0.09847751725087105
48,32,-0.14390429293549314
48,33,0.05164698584256652
48,35,0.050018186043038954
48,36,0.08691816059156329
48,37,-0.17609839973447936
48,38,0.08335279988508065
48,39,-0.11855470988516639
48,40,0.19943228694801202
48,41,-0.17425377379636964
48,42,-0.14827879381977901
48,43,0.2730441692727101
48,44,-0.22642687639347914
48,45,0.07037166761519797
48,46,0.2428232298513721
48,49,-0.11151417739326869
48,50,-0.12720198996028476
48,51,0.08972055875499176
48,52,-0.05640572660958337
48,53,-0.0787356709888926
48,54,0.16424456860603256
48,56,0.20216294207243246
48,60,0.1880418728893158
48,61,-0.1964566230505028
48,63,-0.0733180341935238
49,2,0.06294788329848619
49,3,0.111656811383885
49,5,0.19698802659719972
49,8,0.0694233015579697
49,9,-0.1006340812778327
49,10,-0.206188935076578
49,11,-0.20760964567180004
49,14,-0.14421961739760997
49,15,0.15021075398994227
49,17,-0.07320977500485071
49,18,-0.16394037699193134
49,21,-0.3528594365615808
49,22,0.4040534209954954
49,23,-0.13001869621762357
49,26,-0.18359594354850411
49,27,0.10741589563181285
49,28,-0.15666471704105145
49,29,-0.05020896150035882
49,30,0.11286121894095663
49,32,0.16432634965769868
49,33,-0.06851626941253111
49,35,0.09223308841433459
49,36,0.2427839639809815
49,37,0.2241649982784883
49,38,0.053315930872870954
49,39,-0.1538246763605981
49,41,0.08134524163523421
49,42,0.05481840474552711
49,45,-0.06340883825285903
49,46,0.1753373172048841
49,48,-0.0816283962108198
49,50,-0.11074613529272277
49,51,0.11617192106957316
49,52,-0.1262647468083603
49,54,-0.14695872603661664
49,55,0.11079154196902147
49,56,-0.12293918249876495
49,58,0.07844662812600857
49,59,0.16390159361357412
49,62,0.08359681992399098
49,63,-0.07670418950174143
50,0,-0.13731159988907438
50,1,-0.1925377438054461
50,2,-0.05760024188009741
50,3,0.07067941543716676
50,4,0.05963592085344852
50,5,0.13816312580396678
50,6,0.13491601965444916
50,10,0.179695009132179
50,11,-0.19982825317151087
50,12,0.16344129904005109
50,14,-0.14301777558688525
50,15,0.05954285393138058
50,16,-0.17752849738752607
50,18,-0.11904235669741688
50,20,0.08698327784233414
50,21,-0.1841909191624036
50,22,-0.14587698975804902
50,23,-0.09065154330036099
50,24,-0.18725655448677725
50,27,0.16126846898923222
50,29,-0.13100589596697798
50,30,0.12126384097703445
50,31,0.05006890791782792
50,33,0.08463533841108994
50,34,-0.07697533358245856
50,36,-0.05549804667800475
50,38,-0.26449852427529624
50,39,0.0519402293086552
50,40,0.08707012917071325
50,41,0.12023100136829287
50,43,0.18378895737852888
50,45,0.16241184107896683
50,46,-0.3629382965971319
50,47,-0.1782450832992909
50,49,-0.2896336328978827
50,50,0.24199443097984175
50,55,-0.15379667482188403
50,61,0.13551800640963338
50,62,0.09632040085413865
50,63,-0.10536324226867161
51,0,0.13845264963504186
51,1,-0.19188299517598648
51,2,-0.17916094498153398
51,3,0.16596364956490542
51,4,-0.0768648109005865
51,8,0.08157855659052834
51,9,0.09731240086967588
51,11,-0.14035160652122697
51,13,-0.09010773710017644
51,14,0.1461588406540824
51,15,-0.20452103973614785
51,16,0.2388053611643215
51,17,-0.15973487722239993
51,18,0.15725489590285788
51,19,-0.1065864488910349
51,23,0.14681912386421891
51,24,0.10895797342017108
51,25,0.2839350342399351
51,27,0.20166640555918325
51,28,-0.1302388235545761
51,29,0.07280827149399516
51,30,0.14502241290226836
51,32,0.055370694271406215
51,33,0.15250032596344554
51,34,0.21723766744556636
51,36,-0.06006818977400175
51,37,-0.17557315499143067
51,38,-0.1464470456907677
51,39,-0.2833372730134248
51,40,0.1877158835296766
51,41,0.09498070670916255
51,46,-0.10721070126536378
51,47,0.1606369081155557
51,49,0.12390483028978577
51,51,0.11708349148964622
51,52,-0.1168200096052498
51,54,0.10777779441346795
51,59,0.20452241606183041
51,61,-0.09953902829021843
51,62,0.06357418413485014
51,63,0.18838669029598273
52,0,0.05242617365844218
52,2,0.09465629949118834
52,3,-0.21439665829269902
52,5,0.08701940409041384
52,6,-0.1510641044030584
52,7,-0.13455641797348322
52,8,0.26887795677119514
52,10,0.1377567142251707
52,11,-0.0737810594380318
52,13,-0.15729980036528102
52,14,-0.1657846985057961
52,15,0.12138189751022269
52,16,0.17048521206106645
52,17,0.0774527564171916
52,18,0.15513112882735225
52,20,0.12204533498817698
52,21,-0.14940106429888528
52,23,0.14742795626544108
52,25,0.13885447485321425
52,26,-0.15856961516076665
52,28,0.10567399097568397
52,29,-0.13176896646602362
52,30,-0.07287190661095436
52,31,0.28287920232627256
52,32,-0.050118207415559876
52,33,0.14609255787505077
52,35,-0.12301946110872491
52,36,-0.21670464694984787
52,38,-0.19726750501728957
52,40,-0.1171671476790464
52,42,0.1272137812703077
52,43,-0.12585764007113748
52,44,-0.2766118690567067
52,45,-0.0812667231279789
52,46,0.17571188006982186
52,47,-0.07765454831569235
52,48,-0.14944039785334812
52,49,0.07388640440030984
52,50,-0.052350785335661475
52,51,-0.15147216275394745
52,52,0.11617743780724726
52,53,-0.20087930399376203
52,54,-0.06681010113528522
52,56,-0.10651217182973499
52,57,0.058966125391853454
52,58,0.06578703999480583
52,59,-0.1328913231326891
52,62,-0.07838610098713995
53,0,0.11608813593213924
53,1,0.06665735474938785
53,3,0.07736460986109935
53,4,0.1628774090104713
53,5,0.1453988601888484
53,6,0.13113545179273606
53,7,-0.26292317053271974
53,8,-0.09764580343429738
53,9,0.17118308059770937
53,12,-0.23090663779892293
53,13,-0.2591326740631739
53,15,0.15821573205238149
53,16,-0.10878371776057466
53,17,-0.24921105305013053
53,20,-0.06047870475756059
53,21,0.11894771711814839
53,23,0.05913153920753643
53,24,0.07904701344905693
53,26,-0.07590967620892096
53,28,0.1450913181645225
53,29,0.25544629881365766
53,30,-0.06007547744343497
53,31,0.08695690688982585
53,32,-0.06547210145988322
53,33,0.26038833038964904
53,34,-0.07424257328975092
53,35,0.06179004268384546
53,36,0.10642352568048397
53,37,0.05829627376321269
53,38,0.17231403193036143
53,40,0.0744895346303458
53,41,-0.10854894473433714
53,43,0.05028425213502831
53,45,0.11767038884880122
53,46,-0.06883513811537337
53,48,0.11363824470010787
53,49,-0.1726485677320359
53,52,0.1621264691190286
53,55,-0.10844827907308467
53,56,-0.3420471381062655
53,58,0.18788930264919146
53,61,0.0720482974576622
53,62,-0.19541085636343583
54,1,-0.11012396611678539
54,2,0.06947174705697676
54,3,-0.2758672587509875
54,4,0.2909046273774553
54,7,0.142993059124926
54,8,0.1369995838744382
54,10,-0.0680508415595387
54,11,-0.08613433028805353
54,12,0.11589230909858725
54,13,-0.0991032560296281
54,16,-0.20835990959710038
54,20,0.0810632471754626
54,23,-0.09629179134345546
54,25,-0.10304982375790307
54,26,-0.1028753405017238
54,27,0.07815175843702468
54,29,-0.0788740455790563
54,30,-0.11410285706490857
54,31,0.19093204189494384
54,32,0.061338940183413404
54,33,0.13297484867528622
54,36,0.168208003573644
54,37,-0.1317303978024496
54,39,-0.1260646821359253
54,40,0.23118189242686188
54,41,-0.1818867722685696
54,43,-0.16719582739602526
54,44,0.1655230396238073
54,47,0.15554685160666318
54,48,0.1809532136232963
54,50,0.09344957310004356
54,51,-0.09130647059033536
54,52,-0.09488300368814145
54,53,0.165004014932286
54,55,0.17289229380546328
54,56,-0.058949014689669364
54,57,-0.07803456264678478
54,58,-0.24326814225612875
54,59,-0.27482361431087415
54,61,-0.07460178790750868
54,62,0.06831378325386461
54,63,0.24920901726936662
55,1,-0.332979042881608
55,2,0.17187902334852956
55,3,0.13700601034537757
55,4,-0.09008213813868662
55,5,-0.06210994066909429
55,6,-0.05472071680423359
55,7,-0.3088802875966989
55,8,0.05425431731744284
55,9,-0.12204283265767575
55,10,-0.09161636007265286
55,11,0.1916405776429857
55,16,-0.0567343645693441
55,17,-0.06617446256553146
55,18,-0.21816671873877605
55,20,0.07644348963491962
55,21,0.07950912820123023
55,23,-0.07892439771707721
55,24,0.058610287179959975
55,25,0.21219255726886663
55,26,0.21624187271260586
55,27,-0.09809291473477821
55,28,-0.14885176400508615
55,29,-0.06133807803339506
55,30,0.06291708996868933
55,32,-0.11694184322190104
55,35,0.12413440356289432
55,39,0.07583139332289215
55,40,-0.08423998295554141
55,41,0.19521692310244643
55,42,-0.0993089387256609
55,43,-0.3039712457155756
55,44,-0.07037135919853166
55,45,0.3218084272138123
55,47,-0.056925796636477274
55,52,-0.05151253722303437
55,53,0.08617907823527386
55,54,-0.09605692008960179
55,55,0.07520075729707948
55,56,-0.0989873279518725
55,57,-0.14737638721566687
55,58,-0.07672800387675051
55,59,-0.07552572336915366
55,60,-0.20524112910055586
55,62,-0.1307515467963455
55,63,0.14299436586661607
56,0,0.12782642084608273
56,1,-0.21915120663529292
56,2,-0.2191610772548931
56,3,-0.06296529684511337
56,6,0.12208356468315865
56,7,0.10105500306439122
56,8,0.0866628414280862
56,9,0.11740928308631304
56,10,-0.14681252142942
56,11,0.21580397892547187
56,12,-0.3025039373896322
56,16,0.14081531460612656
56,18,-0.10838529284149603
56,19,0.16786316722327205
56,24,-0.0663444547154527
56,25,-0.09354403141076834
56,27,0.08807343152948122
56,28,0.10092425592736505
56,30,-0.09654808253217786
56,34,-0.17636251979076742
56,35,-0.07157616616807498
56,37,0.18919144988956765
56,38,-0.19331310995459364
56,39,-0.09544161495053913
56,41,-0.08578763185161892
56,43,-0.08596335136597595
56,44,0.051817780970096025
56,47,-0.30141144889705485
56,48,0.23651969407818038
56,49,0.1273439065604329
56,50,-0.0700897118031957
56,51,0.18007121885220015
56,52,-0.16965357242294707
56,53,-0.06051034875660233
56,54,-0.22521452183334084
56,55,-0.1489694824491513
56,56,0.21584909898511007
56,57,-0.15265220287041684
56,58,0.058932606516923
56,60,0.14899551234833502
56,62,-0.11469557287163952
56,63,0.10450570680850448
57,1,-0.0947469746686481
57,3,-0.095041793297995
57,4,0.08679192146035135
57,5,-0.16288530264082476
57,6,-0.11796730582983844
57,8,-0.1419325542442202
57,9,-0.1804605316890528
57,10,-0.06093417369709743
57,11,-0.1813816152344667
57,12,-0.31886569622665983
57,13,0.1991435933026786
57,14,-0.07817491048101746
57,17,-0.11974044432042656
57,18,0.13153221409666274
57,19,-0.2595253490300588
57,20,0.32971684618226105
57,21,0.2641215986406886
57,22,0.06373259090955884
57,23,-0.07559370472140409
57,25,0.05118830980646394
57,27,0.16697213108721196
57,29,-0.12302253314657668
57,30,-0.1802987284868299
57,31,0.0959271350217104
57,32,0.18793922872838742
57,33,0.07306645889711415
57,35,0.06476252295660381
57,36,-0.062252193120350144
57,37,-0.054620011450067174
57,40,0.0596848869546745
57,41,-0.0631233892322152
57,43,-0.09851635372619659
57,46,0.05959591411933218
57,47,-0.1185187136744685
57,48,-0.0665099040936149
57,49,-0.10660335142418353
57,52,-0.12361274807660055
57,53,0.13236745868312838
57,54,0.09229290665602567
57,55,0.052073326536861836
57,56,0.11022702157376031
57,57,0.13044135068763413
57,59,0.20777664571085405
57,60,0.061194798529945166
57,61,0.13509040605188039
57,62,-0.14659488082529806
57,63,-0.21661570291957272
58,0,0.1740992871008109
58,1,-0.11044845264682226
58,2,-0.09380955868372218
58,4,-0.10919239778395703
58,5,-0.058511961011892086
58,6,-0.23359048211740294
58,9,-0.053226267384892445
58,10,0.17883405793181556
58,11,-0.13971283415445984
58,12,0.12960241593877445
58,15,0.08475135835388128
58,18,0.31842194512955446
58,19,0.12750624503028654
58,20,-0.17444277933349533
58,21,-0.06007657321276366
58,24,-0.05290501824827258
58,26,-0.21542409751677555
58,27,0.09216430193919754
58,28,-0.05414659820019958
58,29,0.2660194881037275
58,30,0.1321433336905046
58,31,0.06991823564383504
58,34,-0.20670925947119637
58,35,0.17728860135838267
58,36,0.06910006455946738
58,37,0.06309744454464342
58,39,0.19527432931109656
58,40,-0.14240687545644848
58,41,-0.13556340925169694
58,42,-0.12290504170819591
58,43,-0.16043917152255752
58,44,-0.05778379235518487
58,47,-0.14114477305427386
58,48,0.11585465136881853
58,53,0.2733154834267629
58,54,0.13766497191389027
58,55,-0.20186495680537903
58,56,0.15805578261357622
58,57,-0.16964481882678922
58,58,-0.11491535660119997
58,59,0.09919698630493318
58,60,-0.062137116908589224
58,61,-0.1366574013748328
59,0,0.05039198840819593
59,1,-0.08118548988900508
59,2,0.07051105255460102
59,3,0.1357116116035707
59,4,0.3117062357227464
59,10,0.08883248048569643
59,11,0.1272573975660535
59,12,0.22699982855545703
59,13,-0.09694416013082761
59,14,-0.18822628935241706
59,15,-0.13991949608063461
59,16,0.0774385845574824
59,17,-0.08707610056873799
59,18,-0.08613174339058709
59,19,-0.2153879988499316
59,20,0.19086636451351147
59,21,0.15688997398311927
59,23,0.2842124509433494
59,24,0.1245424230213523
59,25,-0.14588874227704746
59,27,0.0695245901249843
59,28,-0.11768010429011172
59,29,0.06514487321515527
59,31,-0.18758347380182927
59,34,-0.21472040724192606
59,35,0.14099368259694045
59,36,-0.06472620472956021
59,37,0.11770173219423444
59,38,0.07859194715028794
59,40,0.07410643056116367
59,41,-0.0909123834055789
59,42,0.1184031043550087
59,43,0.13266244242968803
59,45,-0.13225263107244245
59,47,-0.07726242289068502
59,48,-0.07593751246962777
59,49,0.29323207936668155
59,51,-0.12936577790532816
59,52,-0.14278226381582682
59,53,0.06196486888479349
59,54,-0.10299105988326823
59,56,-0.06788304371575413
59,57,-0.2043956769967427
59,58,0.10301292467159381
59,59,-0.05437479185378139
59,61,0.10961065683949456
59,62,0.13239606210815483
59,63,-0.14377630987423445
60,0,0.1635327812338388
60,1,0.08744375452151451
60,3,0.1646266512952366
60,5,0.10087735626924582
60,8,0.08394957457197526
60,9,0.2244994789351416
60,10,0.09505801212271713
60,11,0.08356709590224021
60,12,0.1023803668542139
60,13,0.18051279947513366
60,16,-0.12936319901594873
60,18,-0.12113766522639088
60,20,0.1736525676313049
60,21,-0.11875314442690922
60,23,-0.16793540918262828
60,26,0.08622446970089864
60,28,-0.11696776990060785
60,29,0.0882992794753466
60,30,-0.16608315154090936
60,31,0.06387124101537385
60,32,0.3324651975073258
60,33,-0.06028930348330161
60,34,-0.10875061785801386
60,35,0.18008044086433603
60,36,-0.0552487397891836
60,37,-0.34487227040414603
60,38,-0.0585025530705063
60,39,-0.061501106110996115
60,41,-0.24210026819906405
60,42,-0.14766324793496188
60,44,-0.21116181183825627
60,46,-0.14359092201545498
60,50,-0.31256339727644117
60,51,-0.07508440847020693
60,52,0.09244308540372508
60,53,-0.12544160092803988
60,54,-0.13267653425420356
60,55,-0.07354657256879543
60,57,0.12791528304407734
60,59,0.054254738462214305
60,60,-0.17214123064864184
61,0,0.09911591006006094
61,2,-0.1922474019791049
61,5,0.07968239389476002
61,6,-0.22986464406885623
61,8,-0.07872862557629
61,9,-0.15718157558802906
61,10,-0.12054448431128102
61,11,-0.12037079841807785
61,12,0.05574628001796893
61,13,0.06777564105583084
61,14,0.14350206479754812
61,15,-0.12722051429733836
61,16,-0.07369676035819109
61,17,0.1919390398441551
61,21,0.12698349658110258
61,22,0.17755748945920435
61,24,0.14652932549913172
61,25,-0.18214153930816696
61,26,0.17527763115207073
61,28,0.06923592091819032
61,29,-0.05705993301048616
61,30,0.051779622410214145
61,33,0.24159379518331087
61,35,-0.09643370443050223
61,36,0.1719229846804099
61,37,-0.15343200458108697
61,38,-0.09772915808813024
61,40,-0.07229419776287706
61,41,0.0766112887343984
61,42,-0.07580609211849491
61,44,-0.08386614299967068
61,45,-0.09097224157406436
61,47,-0.09168579828987591
61,48,0.29689089723302153
61,49,0.10372701290750436
61,50,0.23491607875119386
61,52,0.07190010197042973
61,53,-0.2553413059873019
61,54,-0.07857504786845473
61,55,-0.1548948995762699
61,56,-0.2285937252486155
61,60,-0.13371545195841178
61,62,0.1602199648483268
61,63,-0.24589115023236136
62,0,0.17010827439154755
62,2,0.07814291132266249
62,5,0.13452034071534463
62,7,-0.11200994873445987
62,8,-0.1544023127000441
62,9,-0.1875071710988409
62,10,0.12570410893711462
62,11,-0.1523943546301423
62,12,0.1978226273989126
62,13,0.11304549912915016
62,14,0.22032241725887952
62,15,-0.24143204526359724
62,16,-0.09550515978331352
62,17,0.07296240420264288
62,19,0.11953709767833909
62,20,-0.051933075828027656
62,21,0.08531217806931515
62,23,-0.12190207475066503
62,25,-0.15320148371389958
62,29,0.11211887681750346
62,30,0.09415824430135362
62,31,0.16927297127155116
62,32,-0.1290632038692209
62,35,-0.18463361085205826
62,38,0.1377772286178925
62,39,-0.11394901249949374
62,40,0.1864550841078511
62,41,0.12006332356315969
62,42,0.18232131981112487
62,43,0.10630300220847008
62,44,-0.0948297597329599
62,47,-0.15220118836910757
62,48,-0.2432459755422187
62,50,-0.129368484018888
62,52,-0.05219386268188622
62,53,0.13011689835345525
62,54,-0.29423587738831725
62,56,0.11398455734024762
62,57,0.0748550502624937
62,58,0.1000379490580319
62,59,0.0858064381099038
62,61,0.1214894565584391
62,62,-0.20372572658212418
62,63,0.21379550150441648
63,1,-0.25700498616918344
63,3,0.19251318953024335
63,5,-0.22506530010842793
63,6,-0.13565234701176085
63,8,-0.07974979950628527
63,9,-0.13596883195652532
63,10,0.08316394976920699
63,12,0.09299810916534924
63,13,0.1540614791536957
63,17,-0.21025881105883734
63,18,-0.07236673376297413
63,19,0.0525422250527428
63,21,-0.05763782924881155
63,23,-0.15299134999099612
63,24,-0.22942015046831155
63,25,-0.05367602235086364
63,27,0.15456195085797295
63,28,0.06898174209014238
63,30,-0.15091821734934646
63,31,0.21093783996824075
63,32,-0.12939384228771228
63,33,-0.09947905942716823
63,34,-0.05300836896330824
63,35,-0.11366004644210354
63,36,-0.1316833258156505
63,37,0.06992965726869715
63,39,-0.08615741414250108
63,40,-0.09158356203375087
63,41,0.0567894808806218
63,42,-0.10363493567328633
63,43,0.10937052444364333
63,44,0.08726551083502454
63,45,-0.37388537408221156
63,46,0.10209653769149094
63,47,0.2676490568468814
63,48,0.11730370824264566
63,50,-0.16581654151180475
63,51,0.14049910274742797
63,52,0.11656641266892623
63,53,-0.06411541156908845
63,54,0.07949816922612452
63,55,-0.08074434456509914
63,56,-0.22413401400669236
63,57,-0.09488380871546259
63,58,-0.0898343159213228
63,59,-0.05513964043547377
63,61,0.09566226458835836
63,62,-0.07328825044192866
63,63,-0.06208191106216695
